id,name,library,category,evidence_tier,claim_ceiling,targets,wet_lab_routes,description,positive_interpretation,negative_interpretation,claim_safety,citation,source_locator,version_added,synonyms,family,required_markers,optional_markers,forbidden_markers
MMK-DOM-001,NRPS adenylation domain,mamey_domain_class,NRPS,TIER_2_CLASS_SUPPORTING,MODERATE,"[{""type"": ""regex"", ""value"": ""\\bA\\b|AMP-binding|adenylation|NRPS_A"", ""min_bitscore"": null, ""evalue"": null, ""required_context"": ""BGC CDS/domain annotation"", ""note"": null}, {""type"": ""pfam"", ""value"": ""PF00501"", ""min_bitscore"": null, ""evalue"": null, ""required_context"": null, ""note"": ""AMP-binding/adenylation family; confirm context manually""}]",lcms_msms;hmm_blast_confirm,A-domain-like evidence for NRPS substrate activation.,"Supports NRPS logic, but substrate predictions require A-domain specificity tools or manual review.",Absence in source-derived scans is not a true null unless the required input scope was available.,"Use as triage evidence until confirmed by HMMER/BLAST, curated domain calls, LC-MS/MS, genetics, or fraction co-elution.",Sapote-Mamey v1.9.3 harmonized bundle; source_scans.py / SAPOTE_v8.10.2_MONOLITH.md.,mamey/source_scans.py:DOMAIN_CLASS_PATTERNS.NRPS_A,v1.9.4-registry-draft,A-domain;adenylation,,,,
MMK-DOM-002,NRPS condensation domain,mamey_domain_class,NRPS,TIER_2_CLASS_SUPPORTING,MODERATE,"[{""type"": ""regex"", ""value"": ""\\bC\\b|condensation|NRPS_C"", ""min_bitscore"": null, ""evalue"": null, ""required_context"": ""BGC CDS/domain annotation"", ""note"": null}, {""type"": ""pfam"", ""value"": ""PF00668"", ""min_bitscore"": null, ""evalue"": null, ""required_context"": null, ""note"": ""Condensation domain family""}]",lcms_msms;hmm_blast_confirm,Condensation-domain evidence for peptide bond-forming NRPS modules.,Supports modular NRPS assembly-line interpretation when paired with A/T domains.,Absence in source-derived scans is not a true null unless the required input scope was available.,"Use as triage evidence until confirmed by HMMER/BLAST, curated domain calls, LC-MS/MS, genetics, or fraction co-elution.",Sapote-Mamey v1.9.3 harmonized bundle; source_scans.py / SAPOTE_v8.10.2_MONOLITH.md.,mamey/source_scans.py:DOMAIN_CLASS_PATTERNS.NRPS_C,v1.9.4-registry-draft,C-domain,,,,
MMK-DOM-003,NRPS thiolation/PCP domain,mamey_domain_class,NRPS,TIER_2_CLASS_SUPPORTING,MODERATE,"[{""type"": ""regex"", ""value"": ""\\bT\\b|PCP|thiolation"", ""min_bitscore"": null, ""evalue"": null, ""required_context"": ""BGC CDS/domain annotation"", ""note"": null}, {""type"": ""pfam"", ""value"": ""PF00550"", ""min_bitscore"": null, ""evalue"": null, ""required_context"": null, ""note"": ""Phosphopantetheine attachment/carrier domain""}]",lcms_msms;hmm_blast_confirm,Carrier-domain evidence for NRPS modules.,Supports module completeness when found with A and C domains.,Absence in source-derived scans is not a true null unless the required input scope was available.,"Use as triage evidence until confirmed by HMMER/BLAST, curated domain calls, LC-MS/MS, genetics, or fraction co-elution.",Sapote-Mamey v1.9.3 harmonized bundle; source_scans.py / SAPOTE_v8.10.2_MONOLITH.md.,mamey/source_scans.py:DOMAIN_CLASS_PATTERNS.NRPS_T_PCP,v1.9.4-registry-draft,T-domain;PCP,,,,
MMK-DOM-004,NRPS epimerization domain,mamey_domain_class,NRPS,TIER_3_CONTEXT_TAILORING,LOW,"[{""type"": ""regex"", ""value"": ""\\bE\\b|epimerization"", ""min_bitscore"": null, ""evalue"": null, ""required_context"": ""BGC CDS/domain annotation"", ""note"": null}]",lcms_msms;hmm_blast_confirm,Tailoring domain that may indicate D-amino-acid incorporation in NRPS products.,Supports stereochemical complexity but not product identity alone.,Absence in source-derived scans is not a true null unless the required input scope was available.,"Use as triage evidence until confirmed by HMMER/BLAST, curated domain calls, LC-MS/MS, genetics, or fraction co-elution.",Sapote-Mamey v1.9.3 harmonized bundle; source_scans.py / SAPOTE_v8.10.2_MONOLITH.md.,mamey/source_scans.py:DOMAIN_CLASS_PATTERNS.NRPS_E,v1.9.4-registry-draft,,,,,
MMK-DOM-005,Thioesterase/release domain,mamey_domain_class,release,TIER_3_CONTEXT_TAILORING,LOW,"[{""type"": ""regex"", ""value"": ""\\bTE\\b|thioesterase"", ""min_bitscore"": null, ""evalue"": null, ""required_context"": ""BGC CDS/domain annotation"", ""note"": null}, {""type"": ""pfam"", ""value"": ""PF00975"", ""min_bitscore"": null, ""evalue"": null, ""required_context"": null, ""note"": ""Thioesterase domain; context dependent""}]",lcms_msms;hmm_blast_confirm,Release-domain evidence for NRPS/PKS termination or macrocyclization.,Supports product release logic; not diagnostic for compound class alone.,Absence in source-derived scans is not a true null unless the required input scope was available.,"Use as triage evidence until confirmed by HMMER/BLAST, curated domain calls, LC-MS/MS, genetics, or fraction co-elution.",Sapote-Mamey v1.9.3 harmonized bundle; source_scans.py / SAPOTE_v8.10.2_MONOLITH.md.,mamey/source_scans.py:DOMAIN_CLASS_PATTERNS.TE_release,v1.9.4-registry-draft,TE;release domain,,,,
MMK-DOM-006,PKS ketosynthase,mamey_domain_class,PKS,TIER_2_CLASS_SUPPORTING,MODERATE,"[{""type"": ""regex"", ""value"": ""\\bKS\\b|ketosynthase|ketoacyl synthase"", ""min_bitscore"": null, ""evalue"": null, ""required_context"": ""BGC CDS/domain annotation"", ""note"": null}, {""type"": ""pfam"", ""value"": ""PF00109"", ""min_bitscore"": null, ""evalue"": null, ""required_context"": null, ""note"": ""Beta-ketoacyl synthase N-terminal domain""}]",lcms_msms;hmm_blast_confirm,Core carbon-chain elongation marker for PKS logic.,Supports PKS class assignment when paired with AT/ACP and module context.,Absence in source-derived scans is not a true null unless the required input scope was available.,"Use as triage evidence until confirmed by HMMER/BLAST, curated domain calls, LC-MS/MS, genetics, or fraction co-elution.",Sapote-Mamey v1.9.3 harmonized bundle; source_scans.py / SAPOTE_v8.10.2_MONOLITH.md.,mamey/source_scans.py:DOMAIN_CLASS_PATTERNS.PKS_KS,v1.9.4-registry-draft,KS,,,,
MMK-DOM-007,PKS acyltransferase,mamey_domain_class,PKS,TIER_2_CLASS_SUPPORTING,MODERATE,"[{""type"": ""regex"", ""value"": ""\\bAT\\b|acyltransferase"", ""min_bitscore"": null, ""evalue"": null, ""required_context"": ""BGC CDS/domain annotation"", ""note"": null}, {""type"": ""pfam"", ""value"": ""PF00698"", ""min_bitscore"": null, ""evalue"": null, ""required_context"": null, ""note"": ""Acyl transferase domain""}]",lcms_msms;hmm_blast_confirm,AT-domain evidence for cis-AT PKS modules or acyl-transfer logic.,Supports PKS module interpretation but does not identify substrate without deeper analysis.,Absence in source-derived scans is not a true null unless the required input scope was available.,"Use as triage evidence until confirmed by HMMER/BLAST, curated domain calls, LC-MS/MS, genetics, or fraction co-elution.",Sapote-Mamey v1.9.3 harmonized bundle; source_scans.py / SAPOTE_v8.10.2_MONOLITH.md.,mamey/source_scans.py:DOMAIN_CLASS_PATTERNS.PKS_AT,v1.9.4-registry-draft,,,,,
MMK-DOM-008,PKS dehydratase,mamey_domain_class,PKS tailoring,TIER_3_CONTEXT_TAILORING,LOW,"[{""type"": ""regex"", ""value"": ""\\bDH\\b|dehydratase"", ""min_bitscore"": null, ""evalue"": null, ""required_context"": ""BGC CDS/domain annotation"", ""note"": null}]",lcms_msms;hmm_blast_confirm,Reductive-loop marker indicating dehydration during polyketide extension.,Informs saturation state only in module context.,Absence in source-derived scans is not a true null unless the required input scope was available.,"Use as triage evidence until confirmed by HMMER/BLAST, curated domain calls, LC-MS/MS, genetics, or fraction co-elution.",Sapote-Mamey v1.9.3 harmonized bundle; source_scans.py / SAPOTE_v8.10.2_MONOLITH.md.,mamey/source_scans.py:DOMAIN_CLASS_PATTERNS.PKS_DH,v1.9.4-registry-draft,,,,,
MMK-DOM-009,PKS enoylreductase,mamey_domain_class,PKS tailoring,TIER_3_CONTEXT_TAILORING,LOW,"[{""type"": ""regex"", ""value"": ""\\bER\\b|enoylreductase"", ""min_bitscore"": null, ""evalue"": null, ""required_context"": ""BGC CDS/domain annotation"", ""note"": null}]",lcms_msms;hmm_blast_confirm,Reductive-loop marker for alkene reduction in PKS modules.,Informs module reduction pattern but is generic alone.,Absence in source-derived scans is not a true null unless the required input scope was available.,"Use as triage evidence until confirmed by HMMER/BLAST, curated domain calls, LC-MS/MS, genetics, or fraction co-elution.",Sapote-Mamey v1.9.3 harmonized bundle; source_scans.py / SAPOTE_v8.10.2_MONOLITH.md.,mamey/source_scans.py:DOMAIN_CLASS_PATTERNS.PKS_ER,v1.9.4-registry-draft,,,,,
MMK-DOM-010,PKS ketoreductase,mamey_domain_class,PKS tailoring,TIER_3_CONTEXT_TAILORING,LOW,"[{""type"": ""regex"", ""value"": ""\\bKR\\b|ketoreductase"", ""min_bitscore"": null, ""evalue"": null, ""required_context"": ""BGC CDS/domain annotation"", ""note"": null}]",lcms_msms;hmm_blast_confirm,Reductive-loop marker for beta-keto reduction in PKS modules.,Informs oxidation state but is generic alone.,Absence in source-derived scans is not a true null unless the required input scope was available.,"Use as triage evidence until confirmed by HMMER/BLAST, curated domain calls, LC-MS/MS, genetics, or fraction co-elution.",Sapote-Mamey v1.9.3 harmonized bundle; source_scans.py / SAPOTE_v8.10.2_MONOLITH.md.,mamey/source_scans.py:DOMAIN_CLASS_PATTERNS.PKS_KR,v1.9.4-registry-draft,,,,,
MMK-DOM-011,PKS acyl carrier protein,mamey_domain_class,PKS,TIER_2_CLASS_SUPPORTING,MODERATE,"[{""type"": ""regex"", ""value"": ""\\bACP\\b|acyl carrier"", ""min_bitscore"": null, ""evalue"": null, ""required_context"": ""BGC CDS/domain annotation"", ""note"": null}, {""type"": ""pfam"", ""value"": ""PF00550"", ""min_bitscore"": null, ""evalue"": null, ""required_context"": null, ""note"": ""Carrier-domain family overlaps with PCP; require context""}]",lcms_msms;hmm_blast_confirm,Carrier-domain evidence for PKS modules.,Supports PKS architecture only with KS/AT/module context.,Absence in source-derived scans is not a true null unless the required input scope was available.,"Use as triage evidence until confirmed by HMMER/BLAST, curated domain calls, LC-MS/MS, genetics, or fraction co-elution.",Sapote-Mamey v1.9.3 harmonized bundle; source_scans.py / SAPOTE_v8.10.2_MONOLITH.md.,mamey/source_scans.py:DOMAIN_CLASS_PATTERNS.PKS_ACP,v1.9.4-registry-draft,,,,,
MMK-DOM-012,RiPP precursor clue,mamey_domain_class,RiPP,TIER_3_CONTEXT_TAILORING,LOW,"[{""type"": ""regex"", ""value"": ""precursor|leader peptide|core peptide"", ""min_bitscore"": null, ""evalue"": null, ""required_context"": ""BGC CDS/product annotation"", ""note"": null}]",lcms_msms;hmm_blast_confirm,Annotation clue for RiPP precursor peptides.,Useful when paired with maturation enzymes; weak by itself because annotation can be generic.,Absence in source-derived scans is not a true null unless the required input scope was available.,"Use as triage evidence until confirmed by HMMER/BLAST, curated domain calls, LC-MS/MS, genetics, or fraction co-elution.",Sapote-Mamey v1.9.3 harmonized bundle; source_scans.py / SAPOTE_v8.10.2_MONOLITH.md.,mamey/source_scans.py:DOMAIN_CLASS_PATTERNS.RiPP_precursor,v1.9.4-registry-draft,,,,,
MMK-DOM-013,YcaO/TOMM cyclodehydratase,mamey_domain_class,RiPP maturation,TIER_1_DIAGNOSTIC,HIGH,"[{""type"": ""regex"", ""value"": ""YcaO|cyclodehydratase"", ""min_bitscore"": null, ""evalue"": null, ""required_context"": ""RiPP/TOMM/thioamide context"", ""note"": null}, {""type"": ""pfam"", ""value"": ""PF02624"", ""min_bitscore"": null, ""evalue"": null, ""required_context"": null, ""note"": ""YcaO family""}]",lcms_msms;hmm_blast_confirm,YcaO-family marker for azoline-forming TOMMs or thioamide-related RiPP maturation.,Raises priority for azole-containing RiPP or thioamidated peptide hypotheses when context is concordant.,Absence in source-derived scans is not a true null unless the required input scope was available.,"Use as triage evidence until confirmed by HMMER/BLAST, curated domain calls, LC-MS/MS, genetics, or fraction co-elution.",Sapote-Mamey v1.9.3 harmonized bundle; source_scans.py / SAPOTE_v8.10.2_MONOLITH.md.,mamey/source_scans.py:DOMAIN_CLASS_PATTERNS.YcaO_TOMM; UMED_PATTERNS.YcaO_TfuA_thioamide,v1.9.4-registry-draft,YcaO;TOMM,,,,
MMK-DOM-014,Halogenase,mamey_domain_class,halogenation,TIER_2_CLASS_SUPPORTING,MODERATE,"[{""type"": ""regex"", ""value"": ""halogenase"", ""min_bitscore"": null, ""evalue"": null, ""required_context"": ""BGC or flank annotation"", ""note"": null}]",lcms_msms;hmm_blast_confirm,General halogenase annotation signal.,Supports halogenated natural-product potential; exact halogenase subclass requires manual/HMM confirmation.,Absence in source-derived scans is not a true null unless the required input scope was available.,"Use as triage evidence until confirmed by HMMER/BLAST, curated domain calls, LC-MS/MS, genetics, or fraction co-elution.",Sapote-Mamey v1.9.3 harmonized bundle; source_scans.py / SAPOTE_v8.10.2_MONOLITH.md.,mamey/source_scans.py:DOMAIN_CLASS_PATTERNS.Halogenase,v1.9.4-registry-draft,,,,,
MMK-DOM-015,Glycosyltransferase,mamey_domain_class,glycosylation,TIER_3_CONTEXT_TAILORING,LOW,"[{""type"": ""regex"", ""value"": ""glycosyltransferase|\\bGT\\b"", ""min_bitscore"": null, ""evalue"": null, ""required_context"": ""BGC/flank annotation"", ""note"": null}]",lcms_msms;hmm_blast_confirm,Tailoring marker for glycosylated natural products.,Supports sugar tailoring but does not assign sugar identity alone.,Absence in source-derived scans is not a true null unless the required input scope was available.,"Use as triage evidence until confirmed by HMMER/BLAST, curated domain calls, LC-MS/MS, genetics, or fraction co-elution.",Sapote-Mamey v1.9.3 harmonized bundle; source_scans.py / SAPOTE_v8.10.2_MONOLITH.md.,mamey/source_scans.py:DOMAIN_CLASS_PATTERNS.Glycosyltransferase,v1.9.4-registry-draft,,,,,
MMK-DOM-016,Methyltransferase,mamey_domain_class,tailoring,TIER_4_GENERIC,LOW,"[{""type"": ""regex"", ""value"": ""methyltransferase"", ""min_bitscore"": null, ""evalue"": null, ""required_context"": ""BGC/flank annotation"", ""note"": null}]",lcms_msms;hmm_blast_confirm,Generic methylation tailoring marker.,Useful as context only; common across many pathways.,Absence in source-derived scans is not a true null unless the required input scope was available.,"Use as triage evidence until confirmed by HMMER/BLAST, curated domain calls, LC-MS/MS, genetics, or fraction co-elution.",Sapote-Mamey v1.9.3 harmonized bundle; source_scans.py / SAPOTE_v8.10.2_MONOLITH.md.,mamey/source_scans.py:DOMAIN_CLASS_PATTERNS.Methyltransferase,v1.9.4-registry-draft,,,,,
MMK-DOM-017,Oxidoreductase/oxygenase,mamey_domain_class,tailoring,TIER_4_GENERIC,LOW,"[{""type"": ""regex"", ""value"": ""oxidoreductase|dehydrogenase|oxygenase"", ""min_bitscore"": null, ""evalue"": null, ""required_context"": ""BGC/flank annotation"", ""note"": null}]",lcms_msms;hmm_blast_confirm,Broad redox tailoring clue.,Never class-definitive without a more specific family call.,Absence in source-derived scans is not a true null unless the required input scope was available.,"Use as triage evidence until confirmed by HMMER/BLAST, curated domain calls, LC-MS/MS, genetics, or fraction co-elution.",Sapote-Mamey v1.9.3 harmonized bundle; source_scans.py / SAPOTE_v8.10.2_MONOLITH.md.,mamey/source_scans.py:DOMAIN_CLASS_PATTERNS.Oxidoreductase,v1.9.4-registry-draft,,,,,
MMK-DOM-018,Aminotransferase,mamey_domain_class,tailoring,TIER_4_GENERIC,LOW,"[{""type"": ""regex"", ""value"": ""aminotransferase|transaminase"", ""min_bitscore"": null, ""evalue"": null, ""required_context"": ""BGC/flank annotation"", ""note"": null}]",lcms_msms;hmm_blast_confirm,Generic aminotransferase tailoring clue.,Context-only evidence for amination or sugar/aminocyclitol logic.,Absence in source-derived scans is not a true null unless the required input scope was available.,"Use as triage evidence until confirmed by HMMER/BLAST, curated domain calls, LC-MS/MS, genetics, or fraction co-elution.",Sapote-Mamey v1.9.3 harmonized bundle; source_scans.py / SAPOTE_v8.10.2_MONOLITH.md.,mamey/source_scans.py:DOMAIN_CLASS_PATTERNS.Aminotransferase,v1.9.4-registry-draft,,,,,
MMK-DOM-019,Transporter,mamey_domain_class,transport,TIER_5_OVERINTERPRETATION_RISK,INVENTORY_ONLY,"[{""type"": ""regex"", ""value"": ""transporter|efflux|exporter"", ""min_bitscore"": null, ""evalue"": null, ""required_context"": ""BGC/flank annotation"", ""note"": null}]",inventory_only,Generic transporter clue for export or self-protection context.,Does not prove bioactivity or resistance; use only as support.,Absence in source-derived scans is not a true null unless the required input scope was available.,"Use as triage evidence until confirmed by HMMER/BLAST, curated domain calls, LC-MS/MS, genetics, or fraction co-elution.",Sapote-Mamey v1.9.3 harmonized bundle; source_scans.py / SAPOTE_v8.10.2_MONOLITH.md.,mamey/source_scans.py:DOMAIN_CLASS_PATTERNS.Transporter,v1.9.4-registry-draft,,,,,
MMK-DOM-020,Regulator,mamey_domain_class,regulation,TIER_5_OVERINTERPRETATION_RISK,INVENTORY_ONLY,"[{""type"": ""regex"", ""value"": ""regulator|transcriptional"", ""min_bitscore"": null, ""evalue"": null, ""required_context"": ""BGC/flank annotation"", ""note"": null}]",inventory_only,Generic regulator clue for pathway control.,Does not assign expression state without TFBS/culture evidence.,Absence in source-derived scans is not a true null unless the required input scope was available.,"Use as triage evidence until confirmed by HMMER/BLAST, curated domain calls, LC-MS/MS, genetics, or fraction co-elution.",Sapote-Mamey v1.9.3 harmonized bundle; source_scans.py / SAPOTE_v8.10.2_MONOLITH.md.,mamey/source_scans.py:DOMAIN_CLASS_PATTERNS.Regulator,v1.9.4-registry-draft,,,,,
MMK-CGAD-001,GH18 chitinase,mamey_chitin_glycan,chitin/glycan ecology,TIER_2_CLASS_SUPPORTING,MODERATE,"[{""type"": ""regex"", ""value"": ""gh18|glycoside hydrolase family 18|chitinase"", ""min_bitscore"": null, ""evalue"": null, ""required_context"": null, ""note"": null}, {""type"": ""pfam"", ""value"": ""PF00704"", ""min_bitscore"": null, ""evalue"": null, ""required_context"": null, ""note"": ""GH18 catalytic domain""}]",ecology_assay;hmm_blast_confirm,Chitinase marker for chitin utilization/antifungal ecology hypotheses.,Supports chitin-linked ecological interpretation when full-proteome scope is available.,Absence in source-derived scans is not a true null unless the required input scope was available.,"Use as triage evidence until confirmed by HMMER/BLAST, curated domain calls, LC-MS/MS, genetics, or fraction co-elution.",Sapote-Mamey v1.9.3 harmonized bundle; source_scans.py / SAPOTE_v8.10.2_MONOLITH.md.,mamey/source_scans.py:CHITINASE_PATTERNS.GH18,v1.9.4-registry-draft,,,,,
MMK-CGAD-002,GH19 chitinase,mamey_chitin_glycan,chitin/glycan ecology,TIER_2_CLASS_SUPPORTING,MODERATE,"[{""type"": ""regex"", ""value"": ""gh19|glycoside hydrolase family 19"", ""min_bitscore"": null, ""evalue"": null, ""required_context"": null, ""note"": null}, {""type"": ""pfam"", ""value"": ""PF00182"", ""min_bitscore"": null, ""evalue"": null, ""required_context"": null, ""note"": ""GH19 catalytic domain""}]",ecology_assay;hmm_blast_confirm,GH19 chitinase marker for chitin utilization/defense capacity.,Supports antifungal ecology hypotheses when confirmed genome-wide.,Absence in source-derived scans is not a true null unless the required input scope was available.,"Use as triage evidence until confirmed by HMMER/BLAST, curated domain calls, LC-MS/MS, genetics, or fraction co-elution.",Sapote-Mamey v1.9.3 harmonized bundle; source_scans.py / SAPOTE_v8.10.2_MONOLITH.md.,mamey/source_scans.py:CHITINASE_PATTERNS.GH19,v1.9.4-registry-draft,,,,,
MMK-CGAD-003,AA10/LPMO,mamey_chitin_glycan,chitin/glycan ecology,TIER_2_CLASS_SUPPORTING,MODERATE,"[{""type"": ""regex"", ""value"": ""aa10|lpmo|lytic polysaccharide monooxygenase"", ""min_bitscore"": null, ""evalue"": null, ""required_context"": null, ""note"": null}, {""type"": ""pfam"", ""value"": ""PF03067"", ""min_bitscore"": null, ""evalue"": null, ""required_context"": null, ""note"": ""AA10/LPMO family, context dependent""}]",ecology_assay;hmm_blast_confirm,Oxidative polysaccharide-degradation marker.,Supports chitin/glycan remodeling ecology but requires protein-family confirmation.,Absence in source-derived scans is not a true null unless the required input scope was available.,"Use as triage evidence until confirmed by HMMER/BLAST, curated domain calls, LC-MS/MS, genetics, or fraction co-elution.",Sapote-Mamey v1.9.3 harmonized bundle; source_scans.py / SAPOTE_v8.10.2_MONOLITH.md.,mamey/source_scans.py:CHITINASE_PATTERNS.AA10_LPMO,v1.9.4-registry-draft,,,,,
MMK-CGAD-004,Chitin-binding CBM,mamey_chitin_glycan,chitin/glycan ecology,TIER_3_CONTEXT_TAILORING,LOW,"[{""type"": ""regex"", ""value"": ""chitin.?binding|cbm|carbohydrate.binding"", ""min_bitscore"": null, ""evalue"": null, ""required_context"": null, ""note"": null}]",ecology_assay;hmm_blast_confirm,Carbohydrate-binding module clue for chitin/glycan interaction.,Supportive only; CBM text alone is broad.,Absence in source-derived scans is not a true null unless the required input scope was available.,"Use as triage evidence until confirmed by HMMER/BLAST, curated domain calls, LC-MS/MS, genetics, or fraction co-elution.",Sapote-Mamey v1.9.3 harmonized bundle; source_scans.py / SAPOTE_v8.10.2_MONOLITH.md.,mamey/source_scans.py:CHITINASE_PATTERNS.CBM_CHITIN,v1.9.4-registry-draft,,,,,
MMK-CGAD-005,GlcNAc/Nag/DasR clue,mamey_chitin_glycan,chitin/glycan ecology,TIER_3_CONTEXT_TAILORING,LOW,"[{""type"": ""regex"", ""value"": ""glcnac|n-acetylglucosamine|nag[a-z]|dasr"", ""min_bitscore"": null, ""evalue"": null, ""required_context"": null, ""note"": null}]",ecology_assay;tfbs_induction,Marker group for GlcNAc catabolism and DasR-linked chitin response.,Supports CGAD-style induction hypotheses but requires gene identity and network context.,Absence in source-derived scans is not a true null unless the required input scope was available.,"Use as triage evidence until confirmed by HMMER/BLAST, curated domain calls, LC-MS/MS, genetics, or fraction co-elution.",Sapote-Mamey v1.9.3 harmonized bundle; source_scans.py / SAPOTE_v8.10.2_MONOLITH.md.,mamey/source_scans.py:CHITINASE_PATTERNS.GlcNAc,v1.9.4-registry-draft,,,,,
MMK-REG-001,DasR/GntR regulator,mamey_regulator,regulation,TIER_2_CLASS_SUPPORTING,MODERATE,"[{""type"": ""regex"", ""value"": ""dasr|gntr"", ""min_bitscore"": null, ""evalue"": null, ""required_context"": null, ""note"": null}]",tfbs_induction;ecology_assay,DasR/GntR-family regulatory clue for GlcNAc/chitin or carbon-response hypotheses.,"Supports TFBS-guided induction planning, not expression proof.",Absence in source-derived scans is not a true null unless the required input scope was available.,"Use as triage evidence until confirmed by HMMER/BLAST, curated domain calls, LC-MS/MS, genetics, or fraction co-elution.",Sapote-Mamey v1.9.3 harmonized bundle; source_scans.py / SAPOTE_v8.10.2_MONOLITH.md.,mamey/source_scans.py:REGULATOR_PATTERNS.DasR_GntR,v1.9.4-registry-draft,,,,,
MMK-REG-002,LuxR regulator,mamey_regulator,regulation,TIER_3_CONTEXT_TAILORING,LOW,"[{""type"": ""regex"", ""value"": ""luxr"", ""min_bitscore"": null, ""evalue"": null, ""required_context"": null, ""note"": null}]",tfbs_induction,LuxR-family regulatory clue.,Context-only without pathway-specific evidence.,Absence in source-derived scans is not a true null unless the required input scope was available.,"Use as triage evidence until confirmed by HMMER/BLAST, curated domain calls, LC-MS/MS, genetics, or fraction co-elution.",Sapote-Mamey v1.9.3 harmonized bundle; source_scans.py / SAPOTE_v8.10.2_MONOLITH.md.,mamey/source_scans.py:REGULATOR_PATTERNS.LuxR,v1.9.4-registry-draft,,,,,
MMK-REG-003,TetR regulator,mamey_regulator,regulation,TIER_3_CONTEXT_TAILORING,LOW,"[{""type"": ""regex"", ""value"": ""tetr"", ""min_bitscore"": null, ""evalue"": null, ""required_context"": null, ""note"": null}]",tfbs_induction,"TetR-family regulatory clue, including possible antibiotic-feedback repressors.",Context-only without target motif or pathway linkage.,Absence in source-derived scans is not a true null unless the required input scope was available.,"Use as triage evidence until confirmed by HMMER/BLAST, curated domain calls, LC-MS/MS, genetics, or fraction co-elution.",Sapote-Mamey v1.9.3 harmonized bundle; source_scans.py / SAPOTE_v8.10.2_MONOLITH.md.,mamey/source_scans.py:REGULATOR_PATTERNS.TetR,v1.9.4-registry-draft,,,,,
MMK-REG-004,LysR regulator,mamey_regulator,regulation,TIER_4_GENERIC,INVENTORY_ONLY,"[{""type"": ""regex"", ""value"": ""lysr"", ""min_bitscore"": null, ""evalue"": null, ""required_context"": null, ""note"": null}]",inventory_only,Generic LysR-family regulator clue.,Inventory only unless a pathway-specific link is shown.,Absence in source-derived scans is not a true null unless the required input scope was available.,"Use as triage evidence until confirmed by HMMER/BLAST, curated domain calls, LC-MS/MS, genetics, or fraction co-elution.",Sapote-Mamey v1.9.3 harmonized bundle; source_scans.py / SAPOTE_v8.10.2_MONOLITH.md.,mamey/source_scans.py:REGULATOR_PATTERNS.LysR,v1.9.4-registry-draft,,,,,
MMK-REG-005,SARP regulator,mamey_regulator,regulation,TIER_2_CLASS_SUPPORTING,MODERATE,"[{""type"": ""regex"", ""value"": ""sarp|streptomyces antibiotic regulatory protein"", ""min_bitscore"": null, ""evalue"": null, ""required_context"": null, ""note"": null}]",tfbs_induction,Pathway-regulatory clue common in actinomycete antibiotic BGCs.,Supports activation strategy but not product identity.,Absence in source-derived scans is not a true null unless the required input scope was available.,"Use as triage evidence until confirmed by HMMER/BLAST, curated domain calls, LC-MS/MS, genetics, or fraction co-elution.",Sapote-Mamey v1.9.3 harmonized bundle; source_scans.py / SAPOTE_v8.10.2_MONOLITH.md.,mamey/source_scans.py:REGULATOR_PATTERNS.SARP,v1.9.4-registry-draft,,,,,
MMK-REG-006,MarR regulator,mamey_regulator,regulation,TIER_4_GENERIC,INVENTORY_ONLY,"[{""type"": ""regex"", ""value"": ""marr"", ""min_bitscore"": null, ""evalue"": null, ""required_context"": null, ""note"": null}]",inventory_only,Generic MarR-family regulator clue.,Inventory only unless linked to a validated pathway.,Absence in source-derived scans is not a true null unless the required input scope was available.,"Use as triage evidence until confirmed by HMMER/BLAST, curated domain calls, LC-MS/MS, genetics, or fraction co-elution.",Sapote-Mamey v1.9.3 harmonized bundle; source_scans.py / SAPOTE_v8.10.2_MONOLITH.md.,mamey/source_scans.py:REGULATOR_PATTERNS.MarR,v1.9.4-registry-draft,,,,,
MMK-REG-007,LacI regulator,mamey_regulator,regulation,TIER_4_GENERIC,INVENTORY_ONLY,"[{""type"": ""regex"", ""value"": ""laci"", ""min_bitscore"": null, ""evalue"": null, ""required_context"": null, ""note"": null}]",inventory_only,Generic LacI-family regulator clue.,Inventory only unless linked to pathway activation.,Absence in source-derived scans is not a true null unless the required input scope was available.,"Use as triage evidence until confirmed by HMMER/BLAST, curated domain calls, LC-MS/MS, genetics, or fraction co-elution.",Sapote-Mamey v1.9.3 harmonized bundle; source_scans.py / SAPOTE_v8.10.2_MONOLITH.md.,mamey/source_scans.py:REGULATOR_PATTERNS.LacI,v1.9.4-registry-draft,,,,,
MMK-REG-008,AraC regulator,mamey_regulator,regulation,TIER_4_GENERIC,INVENTORY_ONLY,"[{""type"": ""regex"", ""value"": ""arac"", ""min_bitscore"": null, ""evalue"": null, ""required_context"": null, ""note"": null}]",inventory_only,Generic AraC-family regulator clue.,Inventory only unless linked to pathway activation.,Absence in source-derived scans is not a true null unless the required input scope was available.,"Use as triage evidence until confirmed by HMMER/BLAST, curated domain calls, LC-MS/MS, genetics, or fraction co-elution.",Sapote-Mamey v1.9.3 harmonized bundle; source_scans.py / SAPOTE_v8.10.2_MONOLITH.md.,mamey/source_scans.py:REGULATOR_PATTERNS.AraC,v1.9.4-registry-draft,,,,,
MMK-REG-009,Two-component regulator,mamey_regulator,regulation,TIER_3_CONTEXT_TAILORING,LOW,"[{""type"": ""regex"", ""value"": ""response regulator|histidine kinase|two-component"", ""min_bitscore"": null, ""evalue"": null, ""required_context"": null, ""note"": null}]",tfbs_induction,Two-component system clue near BGCs or ecological pathways.,Context-only without ligand/target evidence.,Absence in source-derived scans is not a true null unless the required input scope was available.,"Use as triage evidence until confirmed by HMMER/BLAST, curated domain calls, LC-MS/MS, genetics, or fraction co-elution.",Sapote-Mamey v1.9.3 harmonized bundle; source_scans.py / SAPOTE_v8.10.2_MONOLITH.md.,mamey/source_scans.py:REGULATOR_PATTERNS.TwoComponent,v1.9.4-registry-draft,,,,,
MMK-REG-010,Fur/Zur regulator,mamey_regulator,iron/zinc regulation,TIER_2_CLASS_SUPPORTING,MODERATE,"[{""type"": ""regex"", ""value"": ""\\bfur\\b|\\bzur\\b|ferric uptake regulator|zinc uptake regulator"", ""min_bitscore"": null, ""evalue"": null, ""required_context"": null, ""note"": null}]",tfbs_induction;ecology_assay,Iron/zinc-responsive regulator clue for siderophore/metallophore ecology.,Supports iron-limitation induction hypotheses.,Absence in source-derived scans is not a true null unless the required input scope was available.,"Use as triage evidence until confirmed by HMMER/BLAST, curated domain calls, LC-MS/MS, genetics, or fraction co-elution.",Sapote-Mamey v1.9.3 harmonized bundle; source_scans.py / SAPOTE_v8.10.2_MONOLITH.md.,mamey/source_scans.py:REGULATOR_PATTERNS.Fur_Zur,v1.9.4-registry-draft,,,,,
MMK-REG-011,IolR regulator,mamey_regulator,polyol regulation,TIER_2_CLASS_SUPPORTING,MODERATE,"[{""type"": ""regex"", ""value"": ""iolr"", ""min_bitscore"": null, ""evalue"": null, ""required_context"": null, ""note"": null}]",tfbs_induction;ecology_assay,Inositol/polyol-response regulator clue.,Supports polyol-induction hypotheses where habitat context fits.,Absence in source-derived scans is not a true null unless the required input scope was available.,"Use as triage evidence until confirmed by HMMER/BLAST, curated domain calls, LC-MS/MS, genetics, or fraction co-elution.",Sapote-Mamey v1.9.3 harmonized bundle; source_scans.py / SAPOTE_v8.10.2_MONOLITH.md.,mamey/source_scans.py:REGULATOR_PATTERNS.IolR,v1.9.4-registry-draft,,,,,
MMK-REG-012,PhoP/PhoR regulator,mamey_regulator,phosphate regulation,TIER_2_CLASS_SUPPORTING,MODERATE,"[{""type"": ""regex"", ""value"": ""phop|phor"", ""min_bitscore"": null, ""evalue"": null, ""required_context"": null, ""note"": null}]",tfbs_induction,Phosphate-response regulatory clue.,Supports phosphate-limitation induction hypotheses.,Absence in source-derived scans is not a true null unless the required input scope was available.,"Use as triage evidence until confirmed by HMMER/BLAST, curated domain calls, LC-MS/MS, genetics, or fraction co-elution.",Sapote-Mamey v1.9.3 harmonized bundle; source_scans.py / SAPOTE_v8.10.2_MONOLITH.md.,mamey/source_scans.py:REGULATOR_PATTERNS.PhoP,v1.9.4-registry-draft,,,,,
MMK-REG-013,OsdR regulator,mamey_regulator,osmotic/stress regulation,TIER_3_CONTEXT_TAILORING,LOW,"[{""type"": ""regex"", ""value"": ""osdr"", ""min_bitscore"": null, ""evalue"": null, ""required_context"": null, ""note"": null}]",tfbs_induction,OsdR-family regulatory clue.,Context-only unless linked to a BGC and induction model.,Absence in source-derived scans is not a true null unless the required input scope was available.,"Use as triage evidence until confirmed by HMMER/BLAST, curated domain calls, LC-MS/MS, genetics, or fraction co-elution.",Sapote-Mamey v1.9.3 harmonized bundle; source_scans.py / SAPOTE_v8.10.2_MONOLITH.md.,mamey/source_scans.py:REGULATOR_PATTERNS.OsdR,v1.9.4-registry-draft,,,,,
MMK-REG-014,GBL/AdpA regulatory clue,mamey_regulator,GBL regulation,TIER_2_CLASS_SUPPORTING,MODERATE,"[{""type"": ""regex"", ""value"": ""gamma-butyrolactone|arpr|scbr|adpa"", ""min_bitscore"": null, ""evalue"": null, ""required_context"": null, ""note"": null}]",tfbs_induction,Gamma-butyrolactone/quorum-response regulatory clue.,Supports activation models but not product identity.,Absence in source-derived scans is not a true null unless the required input scope was available.,"Use as triage evidence until confirmed by HMMER/BLAST, curated domain calls, LC-MS/MS, genetics, or fraction co-elution.",Sapote-Mamey v1.9.3 harmonized bundle; source_scans.py / SAPOTE_v8.10.2_MONOLITH.md.,mamey/source_scans.py:REGULATOR_PATTERNS.GBL,v1.9.4-registry-draft,,,,,
MMK-TRN-001,ABC transporter,mamey_transporter,transport,TIER_5_OVERINTERPRETATION_RISK,INVENTORY_ONLY,"[{""type"": ""regex"", ""value"": ""abc transporter|atp-binding cassette"", ""min_bitscore"": null, ""evalue"": null, ""required_context"": null, ""note"": null}]",inventory_only,ABC transporter clue.,Use only as export/immunity support.,Absence in source-derived scans is not a true null unless the required input scope was available.,"Use as triage evidence until confirmed by HMMER/BLAST, curated domain calls, LC-MS/MS, genetics, or fraction co-elution.",Sapote-Mamey v1.9.3 harmonized bundle; source_scans.py / SAPOTE_v8.10.2_MONOLITH.md.,mamey/source_scans.py:TRANSPORTER_PATTERNS.ABC,v1.9.4-registry-draft,,,,,
MMK-TRN-002,MFS transporter,mamey_transporter,transport,TIER_5_OVERINTERPRETATION_RISK,INVENTORY_ONLY,"[{""type"": ""regex"", ""value"": ""major facilitator|\\bmfs\\b"", ""min_bitscore"": null, ""evalue"": null, ""required_context"": null, ""note"": null}]",inventory_only,MFS transporter clue.,Use only as context.,Absence in source-derived scans is not a true null unless the required input scope was available.,"Use as triage evidence until confirmed by HMMER/BLAST, curated domain calls, LC-MS/MS, genetics, or fraction co-elution.",Sapote-Mamey v1.9.3 harmonized bundle; source_scans.py / SAPOTE_v8.10.2_MONOLITH.md.,mamey/source_scans.py:TRANSPORTER_PATTERNS.MFS,v1.9.4-registry-draft,,,,,
MMK-TRN-003,RND transporter,mamey_transporter,transport,TIER_5_OVERINTERPRETATION_RISK,INVENTORY_ONLY,"[{""type"": ""regex"", ""value"": ""rnd transporter|resistance-nodulation"", ""min_bitscore"": null, ""evalue"": null, ""required_context"": null, ""note"": null}]",inventory_only,RND transporter clue.,Use only as context.,Absence in source-derived scans is not a true null unless the required input scope was available.,"Use as triage evidence until confirmed by HMMER/BLAST, curated domain calls, LC-MS/MS, genetics, or fraction co-elution.",Sapote-Mamey v1.9.3 harmonized bundle; source_scans.py / SAPOTE_v8.10.2_MONOLITH.md.,mamey/source_scans.py:TRANSPORTER_PATTERNS.RND,v1.9.4-registry-draft,,,,,
MMK-TRN-004,MATE transporter,mamey_transporter,transport,TIER_5_OVERINTERPRETATION_RISK,INVENTORY_ONLY,"[{""type"": ""regex"", ""value"": ""mate transporter"", ""min_bitscore"": null, ""evalue"": null, ""required_context"": null, ""note"": null}]",inventory_only,MATE transporter clue.,Use only as context.,Absence in source-derived scans is not a true null unless the required input scope was available.,"Use as triage evidence until confirmed by HMMER/BLAST, curated domain calls, LC-MS/MS, genetics, or fraction co-elution.",Sapote-Mamey v1.9.3 harmonized bundle; source_scans.py / SAPOTE_v8.10.2_MONOLITH.md.,mamey/source_scans.py:TRANSPORTER_PATTERNS.MATE,v1.9.4-registry-draft,,,,,
MMK-TRN-005,Efflux clue,mamey_transporter,transport,TIER_5_OVERINTERPRETATION_RISK,INVENTORY_ONLY,"[{""type"": ""regex"", ""value"": ""efflux"", ""min_bitscore"": null, ""evalue"": null, ""required_context"": null, ""note"": null}]",inventory_only,Generic efflux clue.,Do not treat as self-resistance by itself.,Absence in source-derived scans is not a true null unless the required input scope was available.,"Use as triage evidence until confirmed by HMMER/BLAST, curated domain calls, LC-MS/MS, genetics, or fraction co-elution.",Sapote-Mamey v1.9.3 harmonized bundle; source_scans.py / SAPOTE_v8.10.2_MONOLITH.md.,mamey/source_scans.py:TRANSPORTER_PATTERNS.Efflux,v1.9.4-registry-draft,,,,,
MMK-TRN-006,Export/secretion clue,mamey_transporter,transport,TIER_5_OVERINTERPRETATION_RISK,INVENTORY_ONLY,"[{""type"": ""regex"", ""value"": ""exporter|secretion"", ""min_bitscore"": null, ""evalue"": null, ""required_context"": null, ""note"": null}]",inventory_only,Generic export/secretion clue.,Do not treat as production proof.,Absence in source-derived scans is not a true null unless the required input scope was available.,"Use as triage evidence until confirmed by HMMER/BLAST, curated domain calls, LC-MS/MS, genetics, or fraction co-elution.",Sapote-Mamey v1.9.3 harmonized bundle; source_scans.py / SAPOTE_v8.10.2_MONOLITH.md.,mamey/source_scans.py:TRANSPORTER_PATTERNS.Export,v1.9.4-registry-draft,,,,,
MMK-RES-001,Beta-lactamase-fold protein,mamey_resistance,resistance,TIER_4_GENERIC,LOW,"[{""type"": ""regex"", ""value"": ""beta.?lactamase|metallo-beta-lactamase"", ""min_bitscore"": null, ""evalue"": null, ""required_context"": null, ""note"": null}]",hmm_blast_confirm,Broad beta-lactamase-fold/resistance clue.,Often generic; requires class concordance before self-protection use.,Absence in source-derived scans is not a true null unless the required input scope was available.,"Use as triage evidence until confirmed by HMMER/BLAST, curated domain calls, LC-MS/MS, genetics, or fraction co-elution.",Sapote-Mamey v1.9.3 harmonized bundle; source_scans.py / SAPOTE_v8.10.2_MONOLITH.md.,mamey/source_scans.py:RESISTANCE_PATTERNS.Beta_lactamase_fold,v1.9.4-registry-draft,,,,,
MMK-RES-002,Erm rRNA methylase,mamey_resistance,self-protection,TIER_2_CLASS_SUPPORTING,MODERATE,"[{""type"": ""regex"", ""value"": ""\\berm\\b|rrna methyltransferase|23s rrna methyltransferase|erythromycin resistance methyltransferase"", ""min_bitscore"": null, ""evalue"": null, ""required_context"": null, ""note"": null}]",hmm_blast_confirm,MLS resistance marker potentially concordant with macrolide/lincosamide pathways.,Requires HGT guard and class concordance.,Absence in source-derived scans is not a true null unless the required input scope was available.,"Use as triage evidence until confirmed by HMMER/BLAST, curated domain calls, LC-MS/MS, genetics, or fraction co-elution.",Sapote-Mamey v1.9.3 harmonized bundle; source_scans.py / SAPOTE_v8.10.2_MONOLITH.md.,mamey/source_scans.py:RESISTANCE_PATTERNS.Erm_methylase,v1.9.4-registry-draft,,,,,
MMK-RES-003,VanHAX-like resistance,mamey_resistance,self-protection,TIER_2_CLASS_SUPPORTING,MODERATE,"[{""type"": ""regex"", ""value"": ""\\bvanh\\b|\\bvana\\b|\\bvanx\\b|d-ala-d-lac|vancomycin resistance"", ""min_bitscore"": null, ""evalue"": null, ""required_context"": null, ""note"": null}]",hmm_blast_confirm,Glycopeptide-resistance/self-protection clue.,"Requires proximity, HGT guard, and glycopeptide-class concordance.",Absence in source-derived scans is not a true null unless the required input scope was available.,"Use as triage evidence until confirmed by HMMER/BLAST, curated domain calls, LC-MS/MS, genetics, or fraction co-elution.",Sapote-Mamey v1.9.3 harmonized bundle; source_scans.py / SAPOTE_v8.10.2_MONOLITH.md.,mamey/source_scans.py:RESISTANCE_PATTERNS.VanHAX_like,v1.9.4-registry-draft,,,,,
MMK-RES-004,APH/AAC aminoglycoside resistance,mamey_resistance,self-protection,TIER_2_CLASS_SUPPORTING,MODERATE,"[{""type"": ""regex"", ""value"": ""aminoglycoside phosphotransferase|aminoglycoside acetyltransferase|\\baph\\b|\\baac\\b"", ""min_bitscore"": null, ""evalue"": null, ""required_context"": null, ""note"": null}]",hmm_blast_confirm,Aminoglycoside resistance/self-protection clue.,Requires aminoglycoside/aminocyclitol biosynthetic concordance.,Absence in source-derived scans is not a true null unless the required input scope was available.,"Use as triage evidence until confirmed by HMMER/BLAST, curated domain calls, LC-MS/MS, genetics, or fraction co-elution.",Sapote-Mamey v1.9.3 harmonized bundle; source_scans.py / SAPOTE_v8.10.2_MONOLITH.md.,mamey/source_scans.py:RESISTANCE_PATTERNS.APH_AAC,v1.9.4-registry-draft,,,,,
MMK-RES-005,Fosfomycin self-protection,mamey_resistance,self-protection,TIER_1_DIAGNOSTIC,HIGH,"[{""type"": ""regex"", ""value"": ""\\bfoma\\b|\\bfomb\\b|fosfomycin resistance"", ""min_bitscore"": null, ""evalue"": null, ""required_context"": null, ""note"": null}]",hmm_blast_confirm,FomA/FomB-like fosfomycin resistance clue.,Strong only when paired with phosphonate/PepM biosynthesis and proximity.,Absence in source-derived scans is not a true null unless the required input scope was available.,"Use as triage evidence until confirmed by HMMER/BLAST, curated domain calls, LC-MS/MS, genetics, or fraction co-elution.",Sapote-Mamey v1.9.3 harmonized bundle; source_scans.py / SAPOTE_v8.10.2_MONOLITH.md.,mamey/source_scans.py:RESISTANCE_PATTERNS.Fosfomycin,v1.9.4-registry-draft,,,,,
MMK-RES-006,General self-resistance/immunity,mamey_resistance,self-protection,TIER_5_OVERINTERPRETATION_RISK,INVENTORY_ONLY,"[{""type"": ""regex"", ""value"": ""resistance protein|immunity protein|self-resistance"", ""min_bitscore"": null, ""evalue"": null, ""required_context"": null, ""note"": null}]",inventory_only,Generic resistance/immunity wording.,Do not use for self-protection claims without class-specific evidence.,Absence in source-derived scans is not a true null unless the required input scope was available.,"Use as triage evidence until confirmed by HMMER/BLAST, curated domain calls, LC-MS/MS, genetics, or fraction co-elution.",Sapote-Mamey v1.9.3 harmonized bundle; source_scans.py / SAPOTE_v8.10.2_MONOLITH.md.,mamey/source_scans.py:RESISTANCE_PATTERNS.Self_resistance_general,v1.9.4-registry-draft,,,,,
MMK-CCTT-001,T43-HAL halogenase trigger,mamey_cctt,cryptic/tailoring trigger,TIER_2_CLASS_SUPPORTING,MODERATE,"[{""type"": ""regex"", ""value"": ""halogenase|flavin-dependent halogenase|tryptophan halogenase"", ""min_bitscore"": null, ""evalue"": null, ""required_context"": null, ""note"": null}]",lcms_msms;hmm_blast_confirm,Halogenation trigger for cryptic-class review.,Supports halogenated-product search; needs subclass confirmation.,Absence in source-derived scans is not a true null unless the required input scope was available.,"Use as triage evidence until confirmed by HMMER/BLAST, curated domain calls, LC-MS/MS, genetics, or fraction co-elution.",Sapote-Mamey v1.9.3 harmonized bundle; source_scans.py / SAPOTE_v8.10.2_MONOLITH.md.,mamey/source_scans.py:CCTT_PATTERNS.T43-HAL_halogenase,v1.9.4-registry-draft,,,,,
MMK-CCTT-002,T43-XHAL fluorinase/chlorinase trigger,mamey_cctt,organohalogen trigger,TIER_1_DIAGNOSTIC,HIGH,"[{""type"": ""regex"", ""value"": ""fluorinase|chlorinase|\\bsall\\b|\\bfla\\b|sam-dependent halogenase"", ""min_bitscore"": null, ""evalue"": null, ""required_context"": null, ""note"": null}]",lcms_msms;hmm_blast_confirm,SAM-dependent organohalogen building-block trigger.,High-value lead when context supports SalL/FlA-like chemistry.,Absence in source-derived scans is not a true null unless the required input scope was available.,"Use as triage evidence until confirmed by HMMER/BLAST, curated domain calls, LC-MS/MS, genetics, or fraction co-elution.",Sapote-Mamey v1.9.3 harmonized bundle; source_scans.py / SAPOTE_v8.10.2_MONOLITH.md.,mamey/source_scans.py:CCTT_PATTERNS.T43-XHAL_fluorinase_chlorinase,v1.9.4-registry-draft,,,,,
MMK-CCTT-003,T43-PHO phosphonate trigger,mamey_cctt,phosphonate,TIER_1_DIAGNOSTIC,HIGH,"[{""type"": ""regex"", ""value"": ""phosphonate|pep mutase|phosphoenolpyruvate mutase"", ""min_bitscore"": null, ""evalue"": null, ""required_context"": null, ""note"": null}]",lcms_msms;hmm_blast_confirm,Phosphonate biosynthesis trigger.,Strong when PepM-like evidence is confirmed.,Absence in source-derived scans is not a true null unless the required input scope was available.,"Use as triage evidence until confirmed by HMMER/BLAST, curated domain calls, LC-MS/MS, genetics, or fraction co-elution.",Sapote-Mamey v1.9.3 harmonized bundle; source_scans.py / SAPOTE_v8.10.2_MONOLITH.md.,mamey/source_scans.py:CCTT_PATTERNS.T43-PHO_phosphonate,v1.9.4-registry-draft,,,,,
MMK-CCTT-004,T43-NUC nucleoside trigger,mamey_cctt,nucleoside,TIER_1_DIAGNOSTIC,HIGH,"[{""type"": ""regex"", ""value"": ""nucleoside|nikkomycin|nikj|nikd|polyoxin"", ""min_bitscore"": null, ""evalue"": null, ""required_context"": null, ""note"": null}]",lcms_msms;hmm_blast_confirm;antifungal_fractionation,Peptidyl-nucleoside/nucleoside-like trigger.,Strong antifungal-track cue when Nik/Pol-like markers are confirmed.,Absence in source-derived scans is not a true null unless the required input scope was available.,"Use as triage evidence until confirmed by HMMER/BLAST, curated domain calls, LC-MS/MS, genetics, or fraction co-elution.",Sapote-Mamey v1.9.3 harmonized bundle; source_scans.py / SAPOTE_v8.10.2_MONOLITH.md.,mamey/source_scans.py:CCTT_PATTERNS.T43-NUC_nucleoside,v1.9.4-registry-draft,,,,,
MMK-CCTT-005,T43-AMC aminocyclitol trigger,mamey_cctt,aminocyclitol,TIER_1_DIAGNOSTIC,HIGH,"[{""type"": ""regex"", ""value"": ""aminocyclitol|dois|btrc|2-deoxy-scyllo-inosose"", ""min_bitscore"": null, ""evalue"": null, ""required_context"": null, ""note"": null}]",lcms_msms;hmm_blast_confirm;antibacterial_fractionation,Aminocyclitol/aminoglycoside-class trigger.,Strong when DOIS/BtrC-like evidence is confirmed.,Absence in source-derived scans is not a true null unless the required input scope was available.,"Use as triage evidence until confirmed by HMMER/BLAST, curated domain calls, LC-MS/MS, genetics, or fraction co-elution.",Sapote-Mamey v1.9.3 harmonized bundle; source_scans.py / SAPOTE_v8.10.2_MONOLITH.md.,mamey/source_scans.py:CCTT_PATTERNS.T43-AMC_aminocyclitol,v1.9.4-registry-draft,,,,,
MMK-CCTT-006,T43-ENE enediyne trigger,mamey_cctt,enediyne,TIER_1_DIAGNOSTIC,HIGH,"[{""type"": ""regex"", ""value"": ""enediyne"", ""min_bitscore"": null, ""evalue"": null, ""required_context"": null, ""note"": null}]",lcms_msms;hmm_blast_confirm;safety_cytotoxicity,Enediyne-class trigger.,Requires safety/cytotoxicity caution and hallmark-gene review.,Absence in source-derived scans is not a true null unless the required input scope was available.,"Use as triage evidence until confirmed by HMMER/BLAST, curated domain calls, LC-MS/MS, genetics, or fraction co-elution.",Sapote-Mamey v1.9.3 harmonized bundle; source_scans.py / SAPOTE_v8.10.2_MONOLITH.md.,mamey/source_scans.py:CCTT_PATTERNS.T43-ENE_enediyne,v1.9.4-registry-draft,,,,,
MMK-CCTT-007,T43-LAN lanthipeptide trigger,mamey_cctt,RiPP,TIER_2_CLASS_SUPPORTING,MODERATE,"[{""type"": ""regex"", ""value"": ""lanthipeptide|lantibiotic|lanc|lanm"", ""min_bitscore"": null, ""evalue"": null, ""required_context"": null, ""note"": null}]",lcms_msms;hmm_blast_confirm,Lanthipeptide/RiPP trigger.,Requires precursor and maturation review before production claims.,Absence in source-derived scans is not a true null unless the required input scope was available.,"Use as triage evidence until confirmed by HMMER/BLAST, curated domain calls, LC-MS/MS, genetics, or fraction co-elution.",Sapote-Mamey v1.9.3 harmonized bundle; source_scans.py / SAPOTE_v8.10.2_MONOLITH.md.,mamey/source_scans.py:CCTT_PATTERNS.T43-LAN_lanthipeptide,v1.9.4-registry-draft,,,,,
MMK-CCTT-008,T43-LASSO lasso peptide trigger,mamey_cctt,RiPP,TIER_1_DIAGNOSTIC,HIGH,"[{""type"": ""regex"", ""value"": ""lassopeptide|lasso peptide"", ""min_bitscore"": null, ""evalue"": null, ""required_context"": null, ""note"": null}]",lcms_msms;hmm_blast_confirm,Lasso-peptide trigger.,High-confidence only with lasso cyclase/protease/RRE constellation.,Absence in source-derived scans is not a true null unless the required input scope was available.,"Use as triage evidence until confirmed by HMMER/BLAST, curated domain calls, LC-MS/MS, genetics, or fraction co-elution.",Sapote-Mamey v1.9.3 harmonized bundle; source_scans.py / SAPOTE_v8.10.2_MONOLITH.md.,mamey/source_scans.py:CCTT_PATTERNS.T43-LASSO_lassopeptide,v1.9.4-registry-draft,,,,,
MMK-CCTT-009,T43-THA thioamide trigger,mamey_cctt,thioamide,TIER_1_DIAGNOSTIC,HIGH,"[{""type"": ""regex"", ""value"": ""thioamide|ycaO"", ""min_bitscore"": null, ""evalue"": null, ""required_context"": null, ""note"": null}]",lcms_msms;hmm_blast_confirm,Thioamide/thioamidated RiPP trigger.,High-value rare-peptide lead when YcaO/TfuA context is present.,Absence in source-derived scans is not a true null unless the required input scope was available.,"Use as triage evidence until confirmed by HMMER/BLAST, curated domain calls, LC-MS/MS, genetics, or fraction co-elution.",Sapote-Mamey v1.9.3 harmonized bundle; source_scans.py / SAPOTE_v8.10.2_MONOLITH.md.,mamey/source_scans.py:CCTT_PATTERNS.T43-THA_thioamide,v1.9.4-registry-draft,,,,,
MMK-CCTT-010,T43-DKP CDPS trigger,mamey_cctt,DKP/CDPS,TIER_1_DIAGNOSTIC,HIGH,"[{""type"": ""regex"", ""value"": ""cyclodipeptide synthase|cdps|diketopiperazine"", ""min_bitscore"": null, ""evalue"": null, ""required_context"": null, ""note"": null}]",lcms_msms;hmm_blast_confirm,Cyclodipeptide synthase/DKP trigger.,Class depends on CDPS plus oxidase/context grade.,Absence in source-derived scans is not a true null unless the required input scope was available.,"Use as triage evidence until confirmed by HMMER/BLAST, curated domain calls, LC-MS/MS, genetics, or fraction co-elution.",Sapote-Mamey v1.9.3 harmonized bundle; source_scans.py / SAPOTE_v8.10.2_MONOLITH.md.,mamey/source_scans.py:CCTT_PATTERNS.T43-DKP_cdps,v1.9.4-registry-draft,,,,,
MMK-CCTT-011,T43-IDC indolocarbazole trigger,mamey_cctt,indolocarbazole,TIER_1_DIAGNOSTIC,HIGH,"[{""type"": ""regex"", ""value"": ""indolocarbazole|rebeccamycin|staurosporine|indsynth"", ""min_bitscore"": null, ""evalue"": null, ""required_context"": null, ""note"": null}]",lcms_msms;hmm_blast_confirm;safety_cytotoxicity,Indolocarbazole-class trigger.,Requires cytotoxicity caution and multi-gene confirmation.,Absence in source-derived scans is not a true null unless the required input scope was available.,"Use as triage evidence until confirmed by HMMER/BLAST, curated domain calls, LC-MS/MS, genetics, or fraction co-elution.",Sapote-Mamey v1.9.3 harmonized bundle; source_scans.py / SAPOTE_v8.10.2_MONOLITH.md.,mamey/source_scans.py:CCTT_PATTERNS.T43-IDC_indolocarbazole,v1.9.4-registry-draft,,,,,
MMK-CCTT-012,T43-PTM HSAF/tetramate trigger,mamey_cctt,PKS-NRPS/tetramate,TIER_1_DIAGNOSTIC,HIGH,"[{""type"": ""regex"", ""value"": ""hsaf|maltophilin|tetramate|pks-nrps"", ""min_bitscore"": null, ""evalue"": null, ""required_context"": null, ""note"": null}]",lcms_msms;hmm_blast_confirm;antifungal_fractionation,Polyene tetramate/HSAF-like trigger.,Strong antifungal-track cue when PKS-NRPS architecture is confirmed.,Absence in source-derived scans is not a true null unless the required input scope was available.,"Use as triage evidence until confirmed by HMMER/BLAST, curated domain calls, LC-MS/MS, genetics, or fraction co-elution.",Sapote-Mamey v1.9.3 harmonized bundle; source_scans.py / SAPOTE_v8.10.2_MONOLITH.md.,mamey/source_scans.py:CCTT_PATTERNS.T43-PTM_hsaf_tetramate,v1.9.4-registry-draft,,,,,
MMK-CCTT-013,T43-TET tetronate/spirotetronate trigger,mamey_cctt,tetronate,TIER_1_DIAGNOSTIC,HIGH,"[{""type"": ""regex"", ""value"": ""tetronate|spirotetronate|fkbh|glyceryl"", ""min_bitscore"": null, ""evalue"": null, ""required_context"": null, ""note"": null}]",lcms_msms;hmm_blast_confirm,Tetronate/spirotetronate trigger.,Strong only with FkbH/ACP and pathway context.,Absence in source-derived scans is not a true null unless the required input scope was available.,"Use as triage evidence until confirmed by HMMER/BLAST, curated domain calls, LC-MS/MS, genetics, or fraction co-elution.",Sapote-Mamey v1.9.3 harmonized bundle; source_scans.py / SAPOTE_v8.10.2_MONOLITH.md.,mamey/source_scans.py:CCTT_PATTERNS.T43-TET_tetronate_spirotetronate,v1.9.4-registry-draft,,,,,
MMK-CCTT-014,T43-NN N-N/diazo trigger,mamey_cctt,N-N bond/diazo,TIER_1_DIAGNOSTIC,HIGH,"[{""type"": ""regex"", ""value"": ""n-n bond|diazo|creE|creD|azoxy|hydrazine"", ""min_bitscore"": null, ""evalue"": null, ""required_context"": null, ""note"": null}]",lcms_msms;hmm_blast_confirm;safety_cytotoxicity,N-N bond/diazo/azoxy biosynthesis trigger.,High novelty/safety cue with CreE/CreD-like evidence.,Absence in source-derived scans is not a true null unless the required input scope was available.,"Use as triage evidence until confirmed by HMMER/BLAST, curated domain calls, LC-MS/MS, genetics, or fraction co-elution.",Sapote-Mamey v1.9.3 harmonized bundle; source_scans.py / SAPOTE_v8.10.2_MONOLITH.md.,mamey/source_scans.py:CCTT_PATTERNS.T43-NN_n_n_bond,v1.9.4-registry-draft,,,,,
MMK-FLBR-001,Modular PKS KS fragment,mamey_flbr,fragment rescue,TIER_2_CLASS_SUPPORTING,MODERATE,"[{""type"": ""regex"", ""value"": ""modular.?ks|ketosynthase|pks ks|beta-ketoacyl synthase"", ""min_bitscore"": null, ""evalue"": null, ""required_context"": null, ""note"": null}]",long_read_rescue;hmm_blast_confirm,Fragment clue for large modular PKS rescue.,Raises sequencing/rescue priority rather than claim confidence.,Absence in source-derived scans is not a true null unless the required input scope was available.,"Use as triage evidence until confirmed by HMMER/BLAST, curated domain calls, LC-MS/MS, genetics, or fraction co-elution.",Sapote-Mamey v1.9.3 harmonized bundle; source_scans.py / SAPOTE_v8.10.2_MONOLITH.md.,mamey/source_scans.py:FLBR_PATTERNS.mod_KS,v1.9.4-registry-draft,,,,,
MMK-FLBR-002,Hybrid PKS/NRPS KS fragment,mamey_flbr,fragment rescue,TIER_2_CLASS_SUPPORTING,MODERATE,"[{""type"": ""regex"", ""value"": ""hybrid.?ks|nrps.*pks|pks.*nrps"", ""min_bitscore"": null, ""evalue"": null, ""required_context"": null, ""note"": null}]",long_read_rescue;hmm_blast_confirm,Fragment clue for PKS-NRPS hybrid rescue.,Raises rescue priority.,Absence in source-derived scans is not a true null unless the required input scope was available.,"Use as triage evidence until confirmed by HMMER/BLAST, curated domain calls, LC-MS/MS, genetics, or fraction co-elution.",Sapote-Mamey v1.9.3 harmonized bundle; source_scans.py / SAPOTE_v8.10.2_MONOLITH.md.,mamey/source_scans.py:FLBR_PATTERNS.hyb_KS,v1.9.4-registry-draft,,,,,
MMK-FLBR-003,Trans-AT PKS fragment,mamey_flbr,fragment rescue,TIER_2_CLASS_SUPPORTING,MODERATE,"[{""type"": ""regex"", ""value"": ""trans.?at|trans-acyltransferase"", ""min_bitscore"": null, ""evalue"": null, ""required_context"": null, ""note"": null}]",long_read_rescue;hmm_blast_confirm,Trans-AT PKS fragment clue.,Requires trans-AT architecture review.,Absence in source-derived scans is not a true null unless the required input scope was available.,"Use as triage evidence until confirmed by HMMER/BLAST, curated domain calls, LC-MS/MS, genetics, or fraction co-elution.",Sapote-Mamey v1.9.3 harmonized bundle; source_scans.py / SAPOTE_v8.10.2_MONOLITH.md.,mamey/source_scans.py:FLBR_PATTERNS.tra_KS,v1.9.4-registry-draft,,,,,
MMK-FLBR-004,Mega-NRPS fragment,mamey_flbr,fragment rescue,TIER_2_CLASS_SUPPORTING,MODERATE,"[{""type"": ""regex"", ""value"": ""nonribosomal peptide synthetase"", ""min_bitscore"": null, ""evalue"": null, ""required_context"": null, ""note"": null}]",long_read_rescue;hmm_blast_confirm,Fragment clue for large NRPS rescue.,Raises rescue priority especially at contig edges.,Absence in source-derived scans is not a true null unless the required input scope was available.,"Use as triage evidence until confirmed by HMMER/BLAST, curated domain calls, LC-MS/MS, genetics, or fraction co-elution.",Sapote-Mamey v1.9.3 harmonized bundle; source_scans.py / SAPOTE_v8.10.2_MONOLITH.md.,mamey/source_scans.py:FLBR_PATTERNS.mega_NRPS,v1.9.4-registry-draft,,,,,
MMK-UMED-001,LanP/S8 protease,mamey_umed,RiPP maturation,TIER_2_CLASS_SUPPORTING,MODERATE,"[{""type"": ""regex"", ""value"": ""(?<![A-Za-z])lanp(?![A-Za-z])|subtilisin|peptidase[ _-]?s8|serine protease"", ""min_bitscore"": null, ""evalue"": null, ""required_context"": null, ""note"": null}]",lcms_msms;hmm_blast_confirm,Lanthipeptide maturation protease clue.,Supports maturation capacity when proximal to lanthipeptide BGC.,Absence in source-derived scans is not a true null unless the required input scope was available.,"Use as triage evidence until confirmed by HMMER/BLAST, curated domain calls, LC-MS/MS, genetics, or fraction co-elution.",Sapote-Mamey v1.9.3 harmonized bundle; source_scans.py / SAPOTE_v8.10.2_MONOLITH.md.,mamey/source_scans.py:UMED_PATTERNS.LanP_S8_protease,v1.9.4-registry-draft,,,,,
MMK-UMED-002,LanT/C39 transporter-peptidase,mamey_umed,RiPP maturation,TIER_2_CLASS_SUPPORTING,MODERATE,"[{""type"": ""regex"", ""value"": ""(?<![A-Za-z])lant(?![A-Za-z_])|(?<![A-Za-z])c39(?![A-Za-z])|peptidase.*abc|abc.*peptidase"", ""min_bitscore"": null, ""evalue"": null, ""required_context"": null, ""note"": null}]",lcms_msms;hmm_blast_confirm,Lanthipeptide processing/export clue.,Supports maturation/export but requires proximity and domain confirmation.,Absence in source-derived scans is not a true null unless the required input scope was available.,"Use as triage evidence until confirmed by HMMER/BLAST, curated domain calls, LC-MS/MS, genetics, or fraction co-elution.",Sapote-Mamey v1.9.3 harmonized bundle; source_scans.py / SAPOTE_v8.10.2_MONOLITH.md.,mamey/source_scans.py:UMED_PATTERNS.LanT_C39_transporter_peptidase,v1.9.4-registry-draft,,,,,
MMK-UMED-003,FlaP/AplP/S9 protease,mamey_umed,RiPP maturation,TIER_2_CLASS_SUPPORTING,MODERATE,"[{""type"": ""regex"", ""value"": ""(?<![A-Za-z])flap(?![A-Za-z])(?!\\s*endonuclease)|(?<![A-Za-z])aplp(?![A-Za-z])|peptidase[ _-]?s9"", ""min_bitscore"": null, ""evalue"": null, ""required_context"": null, ""note"": null}]",lcms_msms;hmm_blast_confirm,RiPP maturation protease clue.,Supports maturation only in pathway context.,Absence in source-derived scans is not a true null unless the required input scope was available.,"Use as triage evidence until confirmed by HMMER/BLAST, curated domain calls, LC-MS/MS, genetics, or fraction co-elution.",Sapote-Mamey v1.9.3 harmonized bundle; source_scans.py / SAPOTE_v8.10.2_MONOLITH.md.,mamey/source_scans.py:UMED_PATTERNS.FlaP_AplP_S9_protease,v1.9.4-registry-draft,,,,,
MMK-UMED-004,M16B metalloprotease,mamey_umed,RiPP maturation,TIER_1_DIAGNOSTIC,HIGH,"[{""type"": ""regex"", ""value"": ""m16|metalloprotease|pitrilysin"", ""min_bitscore"": null, ""evalue"": null, ""required_context"": null, ""note"": null}]",lcms_msms;hmm_blast_confirm,M16B-style lanthipeptide maturation clue.,High-value only with paired subunit/context confirmation.,Absence in source-derived scans is not a true null unless the required input scope was available.,"Use as triage evidence until confirmed by HMMER/BLAST, curated domain calls, LC-MS/MS, genetics, or fraction co-elution.",Sapote-Mamey v1.9.3 harmonized bundle; source_scans.py / SAPOTE_v8.10.2_MONOLITH.md.,mamey/source_scans.py:UMED_PATTERNS.M16B_metalloprotease,v1.9.4-registry-draft,,,,,
MMK-UMED-005,YcaO/TfuA thioamide maturation,mamey_umed,RiPP maturation,TIER_1_DIAGNOSTIC,HIGH,"[{""type"": ""regex"", ""value"": ""ycao|tfua|thioamide"", ""min_bitscore"": null, ""evalue"": null, ""required_context"": null, ""note"": null}]",lcms_msms;hmm_blast_confirm,Thioamide maturation clue.,Strong rare-peptide cue when YcaO/TfuA are concordant.,Absence in source-derived scans is not a true null unless the required input scope was available.,"Use as triage evidence until confirmed by HMMER/BLAST, curated domain calls, LC-MS/MS, genetics, or fraction co-elution.",Sapote-Mamey v1.9.3 harmonized bundle; source_scans.py / SAPOTE_v8.10.2_MONOLITH.md.,mamey/source_scans.py:UMED_PATTERNS.YcaO_TfuA_thioamide,v1.9.4-registry-draft,,,,,
MMK-UMED-006,RiPP recognition element,mamey_umed,RiPP maturation,TIER_2_CLASS_SUPPORTING,MODERATE,"[{""type"": ""regex"", ""value"": ""ripp recognition element|(?<![A-Za-z])rre(?![A-Za-z])"", ""min_bitscore"": null, ""evalue"": null, ""required_context"": null, ""note"": null}]",lcms_msms;hmm_blast_confirm,RRE clue for RiPP maturation enzyme specificity.,Supports RiPP logic but is not sufficient alone.,Absence in source-derived scans is not a true null unless the required input scope was available.,"Use as triage evidence until confirmed by HMMER/BLAST, curated domain calls, LC-MS/MS, genetics, or fraction co-elution.",Sapote-Mamey v1.9.3 harmonized bundle; source_scans.py / SAPOTE_v8.10.2_MONOLITH.md.,mamey/source_scans.py:UMED_PATTERNS.RiPP_RRE,v1.9.4-registry-draft,,,,,
MMK-UMED-007,Nucleoside maturation clue,mamey_umed,nucleoside,TIER_3_CONTEXT_TAILORING,LOW,"[{""type"": ""regex"", ""value"": ""nik|nucleoside|radical sam|aminotransferase"", ""min_bitscore"": null, ""evalue"": null, ""required_context"": null, ""note"": null}]",lcms_msms;hmm_blast_confirm,Broad nucleoside-tailoring clue.,Needs pathway-specific marker confirmation.,Absence in source-derived scans is not a true null unless the required input scope was available.,"Use as triage evidence until confirmed by HMMER/BLAST, curated domain calls, LC-MS/MS, genetics, or fraction co-elution.",Sapote-Mamey v1.9.3 harmonized bundle; source_scans.py / SAPOTE_v8.10.2_MONOLITH.md.,mamey/source_scans.py:UMED_PATTERNS.nucleoside_maturation,v1.9.4-registry-draft,,,,,
MMK-TFBS-001,DasR-like palindrome motif,mamey_tfbs,TFBS,TIER_3_CONTEXT_TAILORING,LOW,"[{""type"": ""motif"", ""value"": ""TGTCTAGACNA"", ""min_bitscore"": null, ""evalue"": null, ""required_context"": null, ""note"": null}, {""type"": ""motif"", ""value"": ""TGTNANNNNNNTNACA"", ""min_bitscore"": null, ""evalue"": null, ""required_context"": null, ""note"": null}]",tfbs_induction,Preliminary DasR-like upstream motif.,Motif-only; require calibrated background scoring before claims.,Absence in source-derived scans is not a true null unless the required input scope was available.,"Use as triage evidence until confirmed by HMMER/BLAST, curated domain calls, LC-MS/MS, genetics, or fraction co-elution.",Sapote-Mamey v1.9.3 harmonized bundle; source_scans.py / SAPOTE_v8.10.2_MONOLITH.md.,mamey/source_scans.py:TFBS_MOTIFS.DasR_like_palindrome,v1.9.4-registry-draft,,,,,
MMK-TFBS-002,DmdR iron-box-like motif,mamey_tfbs,TFBS,TIER_3_CONTEXT_TAILORING,LOW,"[{""type"": ""motif"", ""value"": ""TTAGGTTAGGCTAACCTAA"", ""min_bitscore"": null, ""evalue"": null, ""required_context"": null, ""note"": null}]",tfbs_induction;ecology_assay,Preliminary DmdR/Fur iron-box-like motif.,Motif-only; interpret as induction planning evidence.,Absence in source-derived scans is not a true null unless the required input scope was available.,"Use as triage evidence until confirmed by HMMER/BLAST, curated domain calls, LC-MS/MS, genetics, or fraction co-elution.",Sapote-Mamey v1.9.3 harmonized bundle; source_scans.py / SAPOTE_v8.10.2_MONOLITH.md.,mamey/source_scans.py:TFBS_MOTIFS.DmdR_iron_box_like,v1.9.4-registry-draft,,,,,
MMK-TFBS-003,LexA/SOS-like motif,mamey_tfbs,TFBS,TIER_4_GENERIC,INVENTORY_ONLY,"[{""type"": ""motif"", ""value"": ""CTGTATATATATACAG"", ""min_bitscore"": null, ""evalue"": null, ""required_context"": null, ""note"": null}, {""type"": ""motif"", ""value"": ""CGAACNNNNGTTCG"", ""min_bitscore"": null, ""evalue"": null, ""required_context"": null, ""note"": null}]",inventory_only,Preliminary LexA/SOS-like motif.,Motif-only; inventory/planning evidence.,Absence in source-derived scans is not a true null unless the required input scope was available.,"Use as triage evidence until confirmed by HMMER/BLAST, curated domain calls, LC-MS/MS, genetics, or fraction co-elution.",Sapote-Mamey v1.9.3 harmonized bundle; source_scans.py / SAPOTE_v8.10.2_MONOLITH.md.,mamey/source_scans.py:TFBS_MOTIFS.LexA_SOS_like,v1.9.4-registry-draft,,,,,
MMK-TFBS-004,BldD-like motif,mamey_tfbs,TFBS,TIER_3_CONTEXT_TAILORING,LOW,"[{""type"": ""motif"", ""value"": ""GTCTAGAC"", ""min_bitscore"": null, ""evalue"": null, ""required_context"": null, ""note"": null}]",tfbs_induction,Preliminary BldD-like motif.,Motif-only; requires calibration.,Absence in source-derived scans is not a true null unless the required input scope was available.,"Use as triage evidence until confirmed by HMMER/BLAST, curated domain calls, LC-MS/MS, genetics, or fraction co-elution.",Sapote-Mamey v1.9.3 harmonized bundle; source_scans.py / SAPOTE_v8.10.2_MONOLITH.md.,mamey/source_scans.py:TFBS_MOTIFS.BldD_like,v1.9.4-registry-draft,,,,,
MMK-TFBS-005,FuR-like motif,mamey_tfbs,TFBS,TIER_3_CONTEXT_TAILORING,LOW,"[{""type"": ""motif"", ""value"": ""GATAATGATAATCATTATC"", ""min_bitscore"": null, ""evalue"": null, ""required_context"": null, ""note"": null}]",tfbs_induction;ecology_assay,Preliminary FuR-like motif.,Motif-only; supports iron-induction planning.,Absence in source-derived scans is not a true null unless the required input scope was available.,"Use as triage evidence until confirmed by HMMER/BLAST, curated domain calls, LC-MS/MS, genetics, or fraction co-elution.",Sapote-Mamey v1.9.3 harmonized bundle; source_scans.py / SAPOTE_v8.10.2_MONOLITH.md.,mamey/source_scans.py:TFBS_MOTIFS.FuR_like,v1.9.4-registry-draft,,,,,
MMK-TFBS-006,Zur-like motif,mamey_tfbs,TFBS,TIER_3_CONTEXT_TAILORING,LOW,"[{""type"": ""motif"", ""value"": ""AAATGTTATAACATTT"", ""min_bitscore"": null, ""evalue"": null, ""required_context"": null, ""note"": null}]",tfbs_induction;ecology_assay,Preliminary Zur-like motif.,Motif-only; supports zinc/metal induction planning.,Absence in source-derived scans is not a true null unless the required input scope was available.,"Use as triage evidence until confirmed by HMMER/BLAST, curated domain calls, LC-MS/MS, genetics, or fraction co-elution.",Sapote-Mamey v1.9.3 harmonized bundle; source_scans.py / SAPOTE_v8.10.2_MONOLITH.md.,mamey/source_scans.py:TFBS_MOTIFS.Zur_like,v1.9.4-registry-draft,,,,,
MMK-TFBS-007,IolR-like motif,mamey_tfbs,TFBS,TIER_3_CONTEXT_TAILORING,LOW,"[{""type"": ""motif"", ""value"": ""TGTGANNNNNNTCACA"", ""min_bitscore"": null, ""evalue"": null, ""required_context"": null, ""note"": null}]",tfbs_induction,Preliminary IolR-like motif.,Motif-only; supports polyol induction planning.,Absence in source-derived scans is not a true null unless the required input scope was available.,"Use as triage evidence until confirmed by HMMER/BLAST, curated domain calls, LC-MS/MS, genetics, or fraction co-elution.",Sapote-Mamey v1.9.3 harmonized bundle; source_scans.py / SAPOTE_v8.10.2_MONOLITH.md.,mamey/source_scans.py:TFBS_MOTIFS.IolR_like,v1.9.4-registry-draft,,,,,
MMK-TFBS-008,PhoP-box-like motif,mamey_tfbs,TFBS,TIER_3_CONTEXT_TAILORING,LOW,"[{""type"": ""motif"", ""value"": ""GTTCANNNNNGTTC"", ""min_bitscore"": null, ""evalue"": null, ""required_context"": null, ""note"": null}]",tfbs_induction,Preliminary PhoP/PhoR-like motif.,Motif-only; supports phosphate-induction planning.,Absence in source-derived scans is not a true null unless the required input scope was available.,"Use as triage evidence until confirmed by HMMER/BLAST, curated domain calls, LC-MS/MS, genetics, or fraction co-elution.",Sapote-Mamey v1.9.3 harmonized bundle; source_scans.py / SAPOTE_v8.10.2_MONOLITH.md.,mamey/source_scans.py:TFBS_MOTIFS.PhoP_box_like,v1.9.4-registry-draft,,,,,
MMK-TFBS-009,ANR/FNR-like motif,mamey_tfbs,TFBS,TIER_4_GENERIC,INVENTORY_ONLY,"[{""type"": ""motif"", ""value"": ""TTGATNNNNATCAA"", ""min_bitscore"": null, ""evalue"": null, ""required_context"": null, ""note"": null}]",inventory_only,Preliminary oxygen/redox regulator motif.,Inventory only unless calibrated.,Absence in source-derived scans is not a true null unless the required input scope was available.,"Use as triage evidence until confirmed by HMMER/BLAST, curated domain calls, LC-MS/MS, genetics, or fraction co-elution.",Sapote-Mamey v1.9.3 harmonized bundle; source_scans.py / SAPOTE_v8.10.2_MONOLITH.md.,mamey/source_scans.py:TFBS_MOTIFS.ANR_FNR_like,v1.9.4-registry-draft,,,,,
MMK-TFBS-010,GBL/AdpA-like motif,mamey_tfbs,TFBS,TIER_3_CONTEXT_TAILORING,LOW,"[{""type"": ""motif"", ""value"": ""TGGCSNGWWY"", ""min_bitscore"": null, ""evalue"": null, ""required_context"": null, ""note"": null}]",tfbs_induction,Preliminary AdpA/GBL-like motif.,Motif-only; supports GBL-style activation planning.,Absence in source-derived scans is not a true null unless the required input scope was available.,"Use as triage evidence until confirmed by HMMER/BLAST, curated domain calls, LC-MS/MS, genetics, or fraction co-elution.",Sapote-Mamey v1.9.3 harmonized bundle; source_scans.py / SAPOTE_v8.10.2_MONOLITH.md.,mamey/source_scans.py:TFBS_MOTIFS.GBL_AdpA_like,v1.9.4-registry-draft,,,,,
MMK-TFBS-011,SARP/BTAD-like motif,mamey_tfbs,TFBS,TIER_3_CONTEXT_TAILORING,LOW,"[{""type"": ""motif"", ""value"": ""TCGAGNNNNCTCGA"", ""min_bitscore"": null, ""evalue"": null, ""required_context"": null, ""note"": null}]",tfbs_induction,Preliminary SARP/BTAD-like motif.,Motif-only; supports pathway-regulator hypotheses.,Absence in source-derived scans is not a true null unless the required input scope was available.,"Use as triage evidence until confirmed by HMMER/BLAST, curated domain calls, LC-MS/MS, genetics, or fraction co-elution.",Sapote-Mamey v1.9.3 harmonized bundle; source_scans.py / SAPOTE_v8.10.2_MONOLITH.md.,mamey/source_scans.py:TFBS_MOTIFS.SARP_BTAD_like,v1.9.4-registry-draft,,,,,
MMK-TFBS-012,PAS-LuxR-like motif,mamey_tfbs,TFBS,TIER_3_CONTEXT_TAILORING,LOW,"[{""type"": ""motif"", ""value"": ""ACCTGTNNNNACAGGT"", ""min_bitscore"": null, ""evalue"": null, ""required_context"": null, ""note"": null}]",tfbs_induction,Preliminary PAS-LuxR-like motif.,Motif-only; supports regulator hypotheses.,Absence in source-derived scans is not a true null unless the required input scope was available.,"Use as triage evidence until confirmed by HMMER/BLAST, curated domain calls, LC-MS/MS, genetics, or fraction co-elution.",Sapote-Mamey v1.9.3 harmonized bundle; source_scans.py / SAPOTE_v8.10.2_MONOLITH.md.,mamey/source_scans.py:TFBS_MOTIFS.PAS_LuxR_like,v1.9.4-registry-draft,,,,,
MMC-001,Release and macrocyclization cassette,mamey_cassette,,TIER_3_CONTEXT_TAILORING,LOW,"[{""type"": ""regex"", ""value"": ""thioesterase|\\bte\\b|cyclase|macrocycl|esterase|reductase release"", ""min_bitscore"": null, ""evalue"": null, ""required_context"": null, ""note"": null}]",lcms_msms;hmm_blast_confirm,"Release, cyclization, esterase, or reductive-release signals used to interpret BGC product termination.",Supports release logic and possible macrocyclization when paired with NRPS/PKS architecture.,,Cassette calls are source-derived first-pass evidence unless confirmed by curated HMM/BLAST and BGC-context review.,Sapote-Mamey v1.9.3 harmonized bundle; source_scans.py / SAPOTE_v8.10.2_MONOLITH.md.,mamey/source_scans.py:CASSETTE_PATTERNS.release_macrocyclization,v1.9.4-registry-draft,,release_macrocyclization,MMK-DOM-005,,
MMC-002,Glycosylation cassette,mamey_cassette,,TIER_3_CONTEXT_TAILORING,LOW,"[{""type"": ""regex"", ""value"": ""glycosyltransferase|glycosyl|sugar|deoxysugar|gt\\b"", ""min_bitscore"": null, ""evalue"": null, ""required_context"": null, ""note"": null}]",lcms_msms;hmm_blast_confirm,Sugar-tailoring signal set for glycosylated natural-product hypotheses.,Supports sugar/deoxysugar tailoring but not sugar identity without deeper annotation.,,Cassette calls are source-derived first-pass evidence unless confirmed by curated HMM/BLAST and BGC-context review.,Sapote-Mamey v1.9.3 harmonized bundle; source_scans.py / SAPOTE_v8.10.2_MONOLITH.md.,mamey/source_scans.py:CASSETTE_PATTERNS.glycosylation,v1.9.4-registry-draft,,glycosylation,MMK-DOM-015,,
MMC-003,Halogenation cassette,mamey_cassette,,TIER_2_CLASS_SUPPORTING,MODERATE,"[{""type"": ""regex"", ""value"": ""halogenase|fluorinase|chlorinase|brominase"", ""min_bitscore"": null, ""evalue"": null, ""required_context"": null, ""note"": null}]",lcms_msms;hmm_blast_confirm,Halogenase and organohalogen-building-block evidence for halogenated natural-product potential.,Elevates halogenated metabolite search priority; exact subclass requires confirmation.,,Cassette calls are source-derived first-pass evidence unless confirmed by curated HMM/BLAST and BGC-context review.,Sapote-Mamey v1.9.3 harmonized bundle; source_scans.py / SAPOTE_v8.10.2_MONOLITH.md.,mamey/source_scans.py:CASSETTE_PATTERNS.halogenation,v1.9.4-registry-draft,,halogenation,,MMK-DOM-014;MMK-CCTT-001;MMK-CCTT-002,
MMC-004,Phosphonate cassette,mamey_cassette,,TIER_1_DIAGNOSTIC,HIGH,"[{""type"": ""regex"", ""value"": ""(?<!carboxy)phosphonate(?!.*transporter)(?!.*utilization)(?!.*c-?p lyase)(?!.*phn[g-m]\b)|pep mutase(?!\s*family)|phosphoenolpyruvate mutase(?!\s*family)|foma|fomb"", ""min_bitscore"": null, ""evalue"": null, ""required_context"": null, ""note"": null}]",lcms_msms;hmm_blast_confirm;antibacterial_fractionation,Phosphonate biosynthesis/self-protection signal set.,High-value antibacterial/antimetabolite hypothesis when PepM-like biosynthesis and FomA/FomB-like resistance are concordant.,,Cassette calls are source-derived first-pass evidence unless confirmed by curated HMM/BLAST and BGC-context review.,Sapote-Mamey v1.9.3 harmonized bundle; source_scans.py / SAPOTE_v8.10.2_MONOLITH.md.,mamey/source_scans.py:CASSETTE_PATTERNS.phosphonate,v1.9.4-registry-draft,,phosphonate,,MMK-CCTT-003;MMK-RES-005,
MMC-005,Nucleoside cassette,mamey_cassette,,TIER_1_DIAGNOSTIC,HIGH,"[{""type"": ""regex"", ""value"": ""peptidyl[- ]nucleoside|nikkomycin|polyoxin|\bnikj\b|\bnikd\b|\bnikc\b|chitin synthase inhibit"", ""min_bitscore"": null, ""evalue"": null, ""required_context"": null, ""note"": null}]",lcms_msms;hmm_blast_confirm;antifungal_fractionation,Peptidyl-nucleoside or nucleoside-like biosynthesis signal set.,Strong Candida/antifungal-track cue when Nik/Pol-like markers are confirmed.,,Cassette calls are source-derived first-pass evidence unless confirmed by curated HMM/BLAST and BGC-context review.,Sapote-Mamey v1.9.3 harmonized bundle; source_scans.py / SAPOTE_v8.10.2_MONOLITH.md.,mamey/source_scans.py:CASSETTE_PATTERNS.nucleoside,v1.9.4-registry-draft,,nucleoside,,MMK-CCTT-004;MMK-UMED-007,
MMC-006,Aminoglycoside/aminocyclitol cassette,mamey_cassette,,TIER_1_DIAGNOSTIC,HIGH,"[{""type"": ""regex"", ""value"": ""aminocyclitol|dois|btrc|2-deoxy-scyllo-inosose"", ""min_bitscore"": null, ""evalue"": null, ""required_context"": null, ""note"": null}]",lcms_msms;hmm_blast_confirm;antibacterial_fractionation,Aminocyclitol/aminoglycoside biosynthesis and self-protection signal set.,Strong antibacterial-track cue when DOIS/BtrC-like evidence is confirmed.,,Cassette calls are source-derived first-pass evidence unless confirmed by curated HMM/BLAST and BGC-context review.,Sapote-Mamey v1.9.3 harmonized bundle; source_scans.py / SAPOTE_v8.10.2_MONOLITH.md.,mamey/source_scans.py:CASSETTE_PATTERNS.aminoglycoside_aminocyclitol,v1.9.4-registry-draft,,aminoglycoside_aminocyclitol,,MMK-CCTT-005;MMK-RES-004,
MMC-007,Tetronate/spirotetronate cassette,mamey_cassette,,TIER_1_DIAGNOSTIC,HIGH,"[{""type"": ""regex"", ""value"": ""tetronate|spirotetronate|fkbh|glyceryl"", ""min_bitscore"": null, ""evalue"": null, ""required_context"": null, ""note"": null}]",lcms_msms;hmm_blast_confirm,Tetronate/spirotetronate building-block signal set.,High-value polyketide-tailoring cue when FkbH/ACP context is present.,,Cassette calls are source-derived first-pass evidence unless confirmed by curated HMM/BLAST and BGC-context review.,Sapote-Mamey v1.9.3 harmonized bundle; source_scans.py / SAPOTE_v8.10.2_MONOLITH.md.,mamey/source_scans.py:CASSETTE_PATTERNS.tetronate_spirotetronate,v1.9.4-registry-draft,,tetronate_spirotetronate,,MMK-CCTT-013,
MMC-008,Thioamide/YcaO cassette,mamey_cassette,,TIER_1_DIAGNOSTIC,HIGH,"[{""type"": ""regex"", ""value"": ""thioamide|ycaO"", ""min_bitscore"": null, ""evalue"": null, ""required_context"": null, ""note"": null}]",lcms_msms;hmm_blast_confirm,YcaO/thioamide signal set for rare thioamidated peptide hypotheses.,"High novelty cue, especially in NRPS/RiPP contexts.",,Cassette calls are source-derived first-pass evidence unless confirmed by curated HMM/BLAST and BGC-context review.,Sapote-Mamey v1.9.3 harmonized bundle; source_scans.py / SAPOTE_v8.10.2_MONOLITH.md.,mamey/source_scans.py:CASSETTE_PATTERNS.thioamide_ycao,v1.9.4-registry-draft,,thioamide_ycao,,MMK-DOM-013;MMK-CCTT-009;MMK-UMED-005,
MMC-009,Lanthipeptide cassette,mamey_cassette,,TIER_2_CLASS_SUPPORTING,MODERATE,"[{""type"": ""regex"", ""value"": ""lanthipeptide|lantibiotic|(?<![A-Za-z])lanc(?![A-Za-z])|(?<![A-Za-z])lanm(?![A-Za-z])|(?<![A-Za-z])lant(?![A-Za-z_])|(?<![A-Za-z])lanp(?![A-Za-z])"", ""min_bitscore"": null, ""evalue"": null, ""required_context"": null, ""note"": null}]",lcms_msms;hmm_blast_confirm;antibacterial_fractionation,Lanthipeptide/RiPP biosynthesis and maturation signal set.,Supports lanthipeptide lead status when precursor and maturation logic are visible.,,Cassette calls are source-derived first-pass evidence unless confirmed by curated HMM/BLAST and BGC-context review.,Sapote-Mamey v1.9.3 harmonized bundle; source_scans.py / SAPOTE_v8.10.2_MONOLITH.md.,mamey/source_scans.py:CASSETTE_PATTERNS.lanthipeptide,v1.9.4-registry-draft,,lanthipeptide,,MMK-CCTT-007;MMK-UMED-001;MMK-UMED-002;MMK-UMED-004,
MMC-010,Lasso peptide cassette,mamey_cassette,,TIER_1_DIAGNOSTIC,HIGH,"[{""type"": ""regex"", ""value"": ""lassopeptide|lasso peptide"", ""min_bitscore"": null, ""evalue"": null, ""required_context"": null, ""note"": null}]",lcms_msms;hmm_blast_confirm,Lasso-peptide signal set.,High-confidence RiPP cue when lasso maturation constellation is confirmed.,,Cassette calls are source-derived first-pass evidence unless confirmed by curated HMM/BLAST and BGC-context review.,Sapote-Mamey v1.9.3 harmonized bundle; source_scans.py / SAPOTE_v8.10.2_MONOLITH.md.,mamey/source_scans.py:CASSETTE_PATTERNS.lassopeptide,v1.9.4-registry-draft,,lassopeptide,,MMK-CCTT-008,
MMC-011,TOMM/azole RiPP cassette,mamey_cassette,,TIER_1_DIAGNOSTIC,HIGH,"[{""type"": ""regex"", ""value"": ""azole|tomm|cyclodehydratase|dehydrogenase|ripp"", ""min_bitscore"": null, ""evalue"": null, ""required_context"": null, ""note"": null}]",lcms_msms;hmm_blast_confirm;antibacterial_fractionation,Azol(in)e-containing RiPP/TOMM signal set.,"High MRSA-track cue when precursor, YcaO/cyclodehydratase, and oxidation logic are concordant.",,Cassette calls are source-derived first-pass evidence unless confirmed by curated HMM/BLAST and BGC-context review.,Sapote-Mamey v1.9.3 harmonized bundle; source_scans.py / SAPOTE_v8.10.2_MONOLITH.md.,mamey/source_scans.py:CASSETTE_PATTERNS.tomm_azole_ripp,v1.9.4-registry-draft,,tomm_azole_ripp,,MMK-DOM-013;MMK-UMED-006,
MMC-012,Polyene/PTM/HSAF cassette,mamey_cassette,,TIER_1_DIAGNOSTIC,HIGH,"[{""type"": ""regex"", ""value"": ""(?<!aryl)polyene|hsaf|maltophilin|tetramate|pks-nrps"", ""min_bitscore"": null, ""evalue"": null, ""required_context"": null, ""note"": null}]",lcms_msms;hmm_blast_confirm;antifungal_fractionation,Polyene tetramate/HSAF-like PKS-NRPS signal set.,Strong Candida/antifungal-track cue when PKS-NRPS architecture is confirmed.,,Cassette calls are source-derived first-pass evidence unless confirmed by curated HMM/BLAST and BGC-context review.,Sapote-Mamey v1.9.3 harmonized bundle; source_scans.py / SAPOTE_v8.10.2_MONOLITH.md.,mamey/source_scans.py:CASSETTE_PATTERNS.polyene_ptm_hsaf,v1.9.4-registry-draft,,polyene_ptm_hsaf,,MMK-CCTT-012,
MMC-013,Siderophore/metallophore cassette,mamey_cassette,,TIER_2_CLASS_SUPPORTING,MODERATE,"[{""type"": ""regex"", ""value"": ""siderophore|metallophore|nrp-metallophore|iron|ferric"", ""min_bitscore"": null, ""evalue"": null, ""required_context"": null, ""note"": null}]",ecology_assay;lcms_msms;hmm_blast_confirm,Iron/metal acquisition signal set.,Supports siderophore/metallophore ecology and CAS/metal-limitation assays.,,Cassette calls are source-derived first-pass evidence unless confirmed by curated HMM/BLAST and BGC-context review.,Sapote-Mamey v1.9.3 harmonized bundle; source_scans.py / SAPOTE_v8.10.2_MONOLITH.md.,mamey/source_scans.py:CASSETTE_PATTERNS.siderophore_metallophore,v1.9.4-registry-draft,,siderophore_metallophore,,MMK-REG-010,
MMC-014,Transporter/resistance cassette,mamey_cassette,,TIER_5_OVERINTERPRETATION_RISK,INVENTORY_ONLY,"[{""type"": ""regex"", ""value"": ""transporter|efflux|exporter|resistance|immunity"", ""min_bitscore"": null, ""evalue"": null, ""required_context"": null, ""note"": null}]",inventory_only,"Export, efflux, resistance, or immunity wording near BGCs.",Supportive only; never proves activity or self-protection without class-specific concordance.,,Cassette calls are source-derived first-pass evidence unless confirmed by curated HMM/BLAST and BGC-context review.,Sapote-Mamey v1.9.3 harmonized bundle; source_scans.py / SAPOTE_v8.10.2_MONOLITH.md.,mamey/source_scans.py:CASSETTE_PATTERNS.transporter_resistance,v1.9.4-registry-draft,,transporter_resistance,,MMK-DOM-019;MMK-RES-006,
MMC-015,Chitin/glycan ecology cassette,mamey_cassette,,TIER_2_CLASS_SUPPORTING,MODERATE,"[{""type"": ""regex"", ""value"": ""chitinase|gh18|gh19|aa10|lpmo|glcnac|dasr"", ""min_bitscore"": null, ""evalue"": null, ""required_context"": null, ""note"": null}]",ecology_assay;tfbs_induction;hmm_blast_confirm,"Chitinolysis, GlcNAc response, and glycan-active ecology signal set.",Supports antifungal/ecology hypotheses when full-proteome scope is confirmed.,,Cassette calls are source-derived first-pass evidence unless confirmed by curated HMM/BLAST and BGC-context review.,Sapote-Mamey v1.9.3 harmonized bundle; source_scans.py / SAPOTE_v8.10.2_MONOLITH.md.,mamey/source_scans.py:CASSETTE_PATTERNS.chitin_glycan_ecology,v1.9.4-registry-draft,,chitin_glycan_ecology,,MMK-CGAD-001;MMK-CGAD-002;MMK-CGAD-003;MMK-CGAD-004;MMK-CGAD-005,
SMK-NUC-001,NikJ/PolH-like radical-SAM peptidyl-nucleoside enzyme,sapote_marker_addenda,peptidyl nucleoside,TIER_1_DIAGNOSTIC,HIGH,"[{""type"": ""regex"", ""value"": ""NikJ|PolH|radical.?SAM.*nucleoside|peptidyl.?nucleoside"", ""min_bitscore"": null, ""evalue"": null, ""required_context"": null, ""note"": null}, {""type"": ""hmm"", ""value"": ""NikJ/PolH-like radical SAM PN profile"", ""min_bitscore"": null, ""evalue"": null, ""required_context"": null, ""note"": ""draft HMM target; add calibrated cutoff after profile build""}]",antifungal_fractionation;lcms_msms;hmm_blast_confirm,High-value marker for nikkomycin/polyoxin-like peptidyl-nucleoside logic.,Routes to Candida/antifungal track and nucleoside LC-MS review.,Absence in source-derived scans is not a true null unless the required input scope was available.,"Use as triage evidence until confirmed by HMMER/BLAST, curated domain calls, LC-MS/MS, genetics, or fraction co-elution.",Sapote-Mamey v1.9.3 harmonized bundle; source_scans.py / SAPOTE_v8.10.2_MONOLITH.md.,docs/SAPOTE_v8.10.2_MONOLITH.md marker addenda; glossary v1.2,v1.9.4-registry-draft,,,,,
SMK-PHO-001,PepM phosphoenolpyruvate mutase,sapote_marker_addenda,phosphonate,TIER_1_DIAGNOSTIC,HIGH,"[{""type"": ""regex"", ""value"": ""PepM|phosphoenolpyruvate mutase|PEP mutase"", ""min_bitscore"": null, ""evalue"": null, ""required_context"": null, ""note"": null}, {""type"": ""pfam"", ""value"": ""PF13714"", ""min_bitscore"": null, ""evalue"": null, ""required_context"": null, ""note"": ""PepM family varies by annotation; confirm with HMM/BLAST""}]",antibacterial_fractionation;lcms_msms;hmm_blast_confirm,Committed phosphonate biosynthesis marker.,High-confidence phosphonate clue when paired with pathway context and optional FomA/FomB.,Absence in source-derived scans is not a true null unless the required input scope was available.,"Use as triage evidence until confirmed by HMMER/BLAST, curated domain calls, LC-MS/MS, genetics, or fraction co-elution.",Sapote-Mamey v1.9.3 harmonized bundle; source_scans.py / SAPOTE_v8.10.2_MONOLITH.md.,docs/SAPOTE_v8.10.2_MONOLITH.md diagnostic markers,v1.9.4-registry-draft,,,,,
SMK-ENE-001,ene_KS / enediyne PKS cassette,sapote_marker_addenda,enediyne,TIER_1_DIAGNOSTIC,HIGH,"[{""type"": ""regex"", ""value"": ""ene.?KS|enediyne.*ketosynthase|enediyne PKS"", ""min_bitscore"": null, ""evalue"": null, ""required_context"": null, ""note"": null}, {""type"": ""hmm"", ""value"": ""ene_KS curated profile"", ""min_bitscore"": null, ""evalue"": null, ""required_context"": null, ""note"": ""draft target""}]",safety_cytotoxicity;lcms_msms;hmm_blast_confirm,Defining enediyne biosynthetic marker.,Requires cytotoxicity/safety caution and self-protection/hallmark-gene review.,Absence in source-derived scans is not a true null unless the required input scope was available.,"Use as triage evidence until confirmed by HMMER/BLAST, curated domain calls, LC-MS/MS, genetics, or fraction co-elution.",Sapote-Mamey v1.9.3 harmonized bundle; source_scans.py / SAPOTE_v8.10.2_MONOLITH.md.,docs/SAPOTE_v8.10.2_MONOLITH.md diagnostic markers,v1.9.4-registry-draft,,,,,
SMK-AMC-001,DOIS/BtrC 2-deoxy-scyllo-inosose synthase,sapote_marker_addenda,aminocyclitol,TIER_1_DIAGNOSTIC,HIGH,"[{""type"": ""regex"", ""value"": ""DOIS|BtrC|2-deoxy-scyllo-inosose|aminocyclitol synthase"", ""min_bitscore"": null, ""evalue"": null, ""required_context"": null, ""note"": null}]",antibacterial_fractionation;lcms_msms;hmm_blast_confirm,Committed aminocyclitol/aminoglycoside biosynthetic marker.,Routes to aminoglycoside-like antibacterial follow-up when context is concordant.,Absence in source-derived scans is not a true null unless the required input scope was available.,"Use as triage evidence until confirmed by HMMER/BLAST, curated domain calls, LC-MS/MS, genetics, or fraction co-elution.",Sapote-Mamey v1.9.3 harmonized bundle; source_scans.py / SAPOTE_v8.10.2_MONOLITH.md.,docs/SAPOTE_v8.10.2_MONOLITH.md diagnostic markers,v1.9.4-registry-draft,,,,,
SMK-RIPP-001,RiPP maturation enzyme plus credible precursor,sapote_marker_addenda,RiPP,TIER_1_DIAGNOSTIC,HIGH,"[{""type"": ""manual"", ""value"": ""RiPP maturation enzyme + credible precursor peptide"", ""min_bitscore"": null, ""evalue"": null, ""required_context"": ""co-located or proximal within BGC"", ""note"": null}]",lcms_msms;hmm_blast_confirm,Composite RiPP capacity marker requiring both precursor and maturation logic.,Stronger than either precursor or maturation enzyme alone.,Absence in source-derived scans is not a true null unless the required input scope was available.,"Use as triage evidence until confirmed by HMMER/BLAST, curated domain calls, LC-MS/MS, genetics, or fraction co-elution.",Sapote-Mamey v1.9.3 harmonized bundle; source_scans.py / SAPOTE_v8.10.2_MONOLITH.md.,docs/SAPOTE_v8.10.2_MONOLITH.md diagnostic markers,v1.9.4-registry-draft,,,,,
SMK-HAL-001,Flavin-dependent halogenase,sapote_marker_addenda,halogenation,TIER_2_CLASS_SUPPORTING,MODERATE,"[{""type"": ""regex"", ""value"": ""flavin-dependent halogenase|tryptophan halogenase|FAD-dependent halogenase"", ""min_bitscore"": null, ""evalue"": null, ""required_context"": null, ""note"": null}]",lcms_msms;hmm_blast_confirm,Halogenated natural-product tailoring marker.,Requires substrate-class and isotope/MS confirmation for claims.,Absence in source-derived scans is not a true null unless the required input scope was available.,"Use as triage evidence until confirmed by HMMER/BLAST, curated domain calls, LC-MS/MS, genetics, or fraction co-elution.",Sapote-Mamey v1.9.3 harmonized bundle; source_scans.py / SAPOTE_v8.10.2_MONOLITH.md.,docs/SAPOTE_v8.10.2_MONOLITH.md marker addenda,v1.9.4-registry-draft,,,,,
SMK-TRN-001,Generic ABC/MFS transporter,sapote_marker_addenda,transport,TIER_5_OVERINTERPRETATION_RISK,INVENTORY_ONLY,"[{""type"": ""regex"", ""value"": ""ABC transporter|MFS transporter|major facilitator"", ""min_bitscore"": null, ""evalue"": null, ""required_context"": null, ""note"": null}]",inventory_only,Generic transporter marker retained only for context.,Never class-confirming or activity-confirming by itself.,Absence in source-derived scans is not a true null unless the required input scope was available.,"Use as triage evidence until confirmed by HMMER/BLAST, curated domain calls, LC-MS/MS, genetics, or fraction co-elution.",Sapote-Mamey v1.9.3 harmonized bundle; source_scans.py / SAPOTE_v8.10.2_MONOLITH.md.,docs/SAPOTE_v8.10.2_MONOLITH.md claim-safety rules,v1.9.4-registry-draft,,,,,
SMK-RES-001,Duplicated target/resistance gene near BGC,sapote_marker_addenda,self-protection,TIER_2_CLASS_SUPPORTING,MODERATE,"[{""type"": ""manual"", ""value"": ""duplicated target or resistance gene within BGC/proximity rule"", ""min_bitscore"": null, ""evalue"": null, ""required_context"": null, ""note"": null}]",hmm_blast_confirm;genetic_validation,Self-protection hypothesis marker when class-concordant and proximity/HGT guards pass.,Supports Lead Priority more than Claim Confidence unless mechanism is specific.,Absence in source-derived scans is not a true null unless the required input scope was available.,"Use as triage evidence until confirmed by HMMER/BLAST, curated domain calls, LC-MS/MS, genetics, or fraction co-elution.",Sapote-Mamey v1.9.3 harmonized bundle; source_scans.py / SAPOTE_v8.10.2_MONOLITH.md.,docs/SAPOTE_v8.10.2_MONOLITH.md resistance/self-protection rules,v1.9.4-registry-draft,,,,,
SMK-XHAL-001,SalL/FlA SAM-dependent halogenase plus PNP,sapote_marker_addenda,XDA organohalogen,TIER_1_DIAGNOSTIC,HIGH,"[{""type"": ""regex"", ""value"": ""SalL|FlA|fluorinase|chlorinase|SAM-dependent halogenase|purine nucleoside phosphorylase|PNP"", ""min_bitscore"": null, ""evalue"": null, ""required_context"": null, ""note"": null}]",lcms_msms;hmm_blast_confirm,Organohalogen building-block marker set for XDA/SN2-like chemistry.,High novelty cue when the SAM-dependent halogenase and adjacent PNP context are confirmed.,Absence in source-derived scans is not a true null unless the required input scope was available.,"Use as triage evidence until confirmed by HMMER/BLAST, curated domain calls, LC-MS/MS, genetics, or fraction co-elution.",Sapote-Mamey v1.9.3 harmonized bundle; source_scans.py / SAPOTE_v8.10.2_MONOLITH.md.,docs/SAPOTE_v8.10.2_MONOLITH.md marker addenda,v1.9.4-registry-draft,,,,,
SMK-NN-001,CreE plus CreD N-N/diazo cassette,sapote_marker_addenda,N-N/diazo,TIER_1_DIAGNOSTIC,HIGH,"[{""type"": ""regex"", ""value"": ""CreE|CreD|diazo|azoxy|hydrazine|N-N bond"", ""min_bitscore"": null, ""evalue"": null, ""required_context"": null, ""note"": null}]",lcms_msms;hmm_blast_confirm;safety_cytotoxicity,N-N bond/diazo biosynthesis marker pair.,High novelty and safety-aware follow-up when both CreE and CreD-like evidence are present.,Absence in source-derived scans is not a true null unless the required input scope was available.,"Use as triage evidence until confirmed by HMMER/BLAST, curated domain calls, LC-MS/MS, genetics, or fraction co-elution.",Sapote-Mamey v1.9.3 harmonized bundle; source_scans.py / SAPOTE_v8.10.2_MONOLITH.md.,docs/SAPOTE_v8.10.2_MONOLITH.md marker addenda,v1.9.4-registry-draft,,,,,
SMK-TET-001,FkbH-like glyceryl transferase plus dedicated ACP,sapote_marker_addenda,tetronate/spirotetronate,TIER_1_DIAGNOSTIC,HIGH,"[{""type"": ""regex"", ""value"": ""FkbH|glyceryl transferase|dedicated ACP|tetronate|spirotetronate"", ""min_bitscore"": null, ""evalue"": null, ""required_context"": null, ""note"": null}]",lcms_msms;hmm_blast_confirm,Tetronate/spirotetronate biosynthetic marker set.,Strong only with FkbH-like enzyme and dedicated ACP/context.,Absence in source-derived scans is not a true null unless the required input scope was available.,"Use as triage evidence until confirmed by HMMER/BLAST, curated domain calls, LC-MS/MS, genetics, or fraction co-elution.",Sapote-Mamey v1.9.3 harmonized bundle; source_scans.py / SAPOTE_v8.10.2_MONOLITH.md.,docs/SAPOTE_v8.10.2_MONOLITH.md marker addenda,v1.9.4-registry-draft,,,,,
SMK-NIT-001,ArtA ASS-like nitrile synthetase,sapote_marker_addenda,nitrile installation,TIER_1_DIAGNOSTIC,HIGH,"[{""type"": ""regex"", ""value"": ""ArtA|argininosuccinate synthase-like|ASS-like nitrile synthetase|nitrile synthetase"", ""min_bitscore"": null, ""evalue"": null, ""required_context"": null, ""note"": null}]",lcms_msms;hmm_blast_confirm,Nitrile-installation marker.,High-value tailoring cue; requires pathway context and MS/MS support.,Absence in source-derived scans is not a true null unless the required input scope was available.,"Use as triage evidence until confirmed by HMMER/BLAST, curated domain calls, LC-MS/MS, genetics, or fraction co-elution.",Sapote-Mamey v1.9.3 harmonized bundle; source_scans.py / SAPOTE_v8.10.2_MONOLITH.md.,docs/SAPOTE_v8.10.2_MONOLITH.md marker addenda,v1.9.4-registry-draft,,,,,
SMK-NIT-002,CalN SelO/YdiU-like pseudokinase,sapote_marker_addenda,nitrile context,TIER_3_CONTEXT_TAILORING,LOW,"[{""type"": ""regex"", ""value"": ""CalN|SelO|YdiU|pseudokinase"", ""min_bitscore"": null, ""evalue"": null, ""required_context"": null, ""note"": null}]",hmm_blast_confirm,Context marker for nitrile-related biosynthetic logic.,Context-only unless paired with stronger nitrile marker.,Absence in source-derived scans is not a true null unless the required input scope was available.,"Use as triage evidence until confirmed by HMMER/BLAST, curated domain calls, LC-MS/MS, genetics, or fraction co-elution.",Sapote-Mamey v1.9.3 harmonized bundle; source_scans.py / SAPOTE_v8.10.2_MONOLITH.md.,docs/SAPOTE_v8.10.2_MONOLITH.md marker addenda,v1.9.4-registry-draft,,,,,
SMK-BBE-001,BBE-like FAD oxidoreductase,sapote_marker_addenda,oxidative tailoring,TIER_3_CONTEXT_TAILORING,LOW,"[{""type"": ""regex"", ""value"": ""BBE-like|berberine bridge enzyme|FAD oxidoreductase"", ""min_bitscore"": null, ""evalue"": null, ""required_context"": null, ""note"": null}]",lcms_msms;hmm_blast_confirm,Oxidative tailoring marker for complex scaffold formation.,Not class-definitive alone.,Absence in source-derived scans is not a true null unless the required input scope was available.,"Use as triage evidence until confirmed by HMMER/BLAST, curated domain calls, LC-MS/MS, genetics, or fraction co-elution.",Sapote-Mamey v1.9.3 harmonized bundle; source_scans.py / SAPOTE_v8.10.2_MONOLITH.md.,docs/SAPOTE_v8.10.2_MONOLITH.md marker addenda,v1.9.4-registry-draft,,,,,
SMK-BIARYL-001,NmrA-family oxidoreductase,sapote_marker_addenda,biaryl dimerization,TIER_3_CONTEXT_TAILORING,LOW,"[{""type"": ""regex"", ""value"": ""NmrA|NmrA-family oxidoreductase|biaryl"", ""min_bitscore"": null, ""evalue"": null, ""required_context"": null, ""note"": null}]",lcms_msms;hmm_blast_confirm,Possible oxidative biaryl-dimerization context marker.,Context-only without scaffold and gene-neighborhood support.,Absence in source-derived scans is not a true null unless the required input scope was available.,"Use as triage evidence until confirmed by HMMER/BLAST, curated domain calls, LC-MS/MS, genetics, or fraction co-elution.",Sapote-Mamey v1.9.3 harmonized bundle; source_scans.py / SAPOTE_v8.10.2_MONOLITH.md.,docs/SAPOTE_v8.10.2_MONOLITH.md marker addenda,v1.9.4-registry-draft,,,,,
SMK-LASSO-001,Lasso cyclase/protease/RRE constellation,sapote_marker_addenda,lasso peptide,TIER_1_DIAGNOSTIC,HIGH,"[{""type"": ""regex"", ""value"": ""PF00733|lasso cyclase|transglutaminase protease|RRE|RiPP recognition element"", ""min_bitscore"": null, ""evalue"": null, ""required_context"": null, ""note"": null}]",lcms_msms;hmm_blast_confirm,Composite lasso peptide maturation constellation.,"High-confidence lasso cue when cyclase, protease, and RRE/precursor context co-occur.",Absence in source-derived scans is not a true null unless the required input scope was available.,"Use as triage evidence until confirmed by HMMER/BLAST, curated domain calls, LC-MS/MS, genetics, or fraction co-elution.",Sapote-Mamey v1.9.3 harmonized bundle; source_scans.py / SAPOTE_v8.10.2_MONOLITH.md.,docs/SAPOTE_v8.10.2_MONOLITH.md marker addenda,v1.9.4-registry-draft,,,,,
SMK-THA-001,YcaO plus TfuA pair,sapote_marker_addenda,thioamitide/thioamide,TIER_1_DIAGNOSTIC,HIGH,"[{""type"": ""regex"", ""value"": ""YcaO|TfuA|thioamitide|thioamide"", ""min_bitscore"": null, ""evalue"": null, ""required_context"": null, ""note"": null}]",lcms_msms;hmm_blast_confirm,Thioamide/thioamitide maturation marker pair.,High novelty rare-peptide cue when both YcaO and TfuA-like evidence are concordant.,Absence in source-derived scans is not a true null unless the required input scope was available.,"Use as triage evidence until confirmed by HMMER/BLAST, curated domain calls, LC-MS/MS, genetics, or fraction co-elution.",Sapote-Mamey v1.9.3 harmonized bundle; source_scans.py / SAPOTE_v8.10.2_MONOLITH.md.,docs/SAPOTE_v8.10.2_MONOLITH.md marker addenda,v1.9.4-registry-draft,,,,,
SMK-UMED-001,LanP / Peptidase_S8,sapote_umed,RiPP maturation,TIER_2_CLASS_SUPPORTING,MODERATE,"[{""type"": ""regex"", ""value"": ""LanP|Peptidase_S8|subtilisin"", ""min_bitscore"": null, ""evalue"": null, ""required_context"": null, ""note"": null}]",lcms_msms;hmm_blast_confirm,Lanthipeptide maturation protease marker.,Supports production capacity only with precursor/maturase context.,Absence in source-derived scans is not a true null unless the required input scope was available.,"Use as triage evidence until confirmed by HMMER/BLAST, curated domain calls, LC-MS/MS, genetics, or fraction co-elution.",Sapote-Mamey v1.9.3 harmonized bundle; source_scans.py / SAPOTE_v8.10.2_MONOLITH.md.,docs/SAPOTE_v8.10.2_MONOLITH.md UMED,v1.9.4-registry-draft,,,,,
SMK-UMED-002,LanT / Peptidase_C39,sapote_umed,RiPP maturation,TIER_2_CLASS_SUPPORTING,MODERATE,"[{""type"": ""regex"", ""value"": ""LanT|Peptidase_C39|C39 peptidase"", ""min_bitscore"": null, ""evalue"": null, ""required_context"": null, ""note"": null}]",lcms_msms;hmm_blast_confirm,Lanthipeptide processing/export marker.,Supports maturation/export only with context.,Absence in source-derived scans is not a true null unless the required input scope was available.,"Use as triage evidence until confirmed by HMMER/BLAST, curated domain calls, LC-MS/MS, genetics, or fraction co-elution.",Sapote-Mamey v1.9.3 harmonized bundle; source_scans.py / SAPOTE_v8.10.2_MONOLITH.md.,docs/SAPOTE_v8.10.2_MONOLITH.md UMED,v1.9.4-registry-draft,,,,,
SMK-UMED-003,FlaP / AplP / Peptidase_S9,sapote_umed,RiPP maturation,TIER_2_CLASS_SUPPORTING,MODERATE,"[{""type"": ""regex"", ""value"": ""FlaP|AplP|Peptidase_S9"", ""min_bitscore"": null, ""evalue"": null, ""required_context"": null, ""note"": null}]",lcms_msms;hmm_blast_confirm,RiPP maturation protease marker.,Context required.,Absence in source-derived scans is not a true null unless the required input scope was available.,"Use as triage evidence until confirmed by HMMER/BLAST, curated domain calls, LC-MS/MS, genetics, or fraction co-elution.",Sapote-Mamey v1.9.3 harmonized bundle; source_scans.py / SAPOTE_v8.10.2_MONOLITH.md.,docs/SAPOTE_v8.10.2_MONOLITH.md UMED,v1.9.4-registry-draft,,,,,
SMK-UMED-004,M16B metallopeptidase,sapote_umed,RiPP maturation,TIER_1_DIAGNOSTIC,HIGH,"[{""type"": ""regex"", ""value"": ""M16B|M16 metallopeptidase|pitrilysin"", ""min_bitscore"": null, ""evalue"": null, ""required_context"": null, ""note"": null}, {""type"": ""pfam"", ""value"": ""PF00675/PF05193"", ""min_bitscore"": null, ""evalue"": null, ""required_context"": null, ""note"": ""heterodimer guard required""}]",lcms_msms;hmm_blast_confirm,M16B lanthipeptide maturation marker.,High-value only when paired subunit/heterodimer guard passes.,Absence in source-derived scans is not a true null unless the required input scope was available.,"Use as triage evidence until confirmed by HMMER/BLAST, curated domain calls, LC-MS/MS, genetics, or fraction co-elution.",Sapote-Mamey v1.9.3 harmonized bundle; source_scans.py / SAPOTE_v8.10.2_MONOLITH.md.,docs/SAPOTE_v8.10.2_MONOLITH.md UMED,v1.9.4-registry-draft,,,,,
SMK-CSR-001,SARP,sapote_csr,cluster-situated regulator,TIER_2_CLASS_SUPPORTING,MODERATE,"[{""type"": ""regex"", ""value"": ""SARP|Streptomyces antibiotic regulatory protein"", ""min_bitscore"": null, ""evalue"": null, ""required_context"": null, ""note"": null}]",tfbs_induction,Pathway activator/regulator marker.,"Supports activation model, not product identity.",Absence in source-derived scans is not a true null unless the required input scope was available.,"Use as triage evidence until confirmed by HMMER/BLAST, curated domain calls, LC-MS/MS, genetics, or fraction co-elution.",Sapote-Mamey v1.9.3 harmonized bundle; source_scans.py / SAPOTE_v8.10.2_MONOLITH.md.,docs/SAPOTE_v8.10.2_MONOLITH.md CSR rules,v1.9.4-registry-draft,,,,,
SMK-CSR-002,PAS-LuxR,sapote_csr,cluster-situated regulator,TIER_2_CLASS_SUPPORTING,MODERATE,"[{""type"": ""regex"", ""value"": ""PAS-LuxR|PimM|LuxR"", ""min_bitscore"": null, ""evalue"": null, ""required_context"": null, ""note"": null}]",tfbs_induction,PAS-LuxR/PimM-like pathway-regulator marker.,Supports activation model in macrolide/polyene contexts.,Absence in source-derived scans is not a true null unless the required input scope was available.,"Use as triage evidence until confirmed by HMMER/BLAST, curated domain calls, LC-MS/MS, genetics, or fraction co-elution.",Sapote-Mamey v1.9.3 harmonized bundle; source_scans.py / SAPOTE_v8.10.2_MONOLITH.md.,docs/SAPOTE_v8.10.2_MONOLITH.md CSR rules,v1.9.4-registry-draft,,,,,
SMK-CSR-003,Composite SARP-LAL,sapote_csr,cluster-situated regulator,TIER_2_CLASS_SUPPORTING,MODERATE,"[{""type"": ""regex"", ""value"": ""SARP-LAL|PimR|LAL regulator"", ""min_bitscore"": null, ""evalue"": null, ""required_context"": null, ""note"": null}]",tfbs_induction,Composite regulatory cascade marker.,Supports upper-tier activation model only.,Absence in source-derived scans is not a true null unless the required input scope was available.,"Use as triage evidence until confirmed by HMMER/BLAST, curated domain calls, LC-MS/MS, genetics, or fraction co-elution.",Sapote-Mamey v1.9.3 harmonized bundle; source_scans.py / SAPOTE_v8.10.2_MONOLITH.md.,docs/SAPOTE_v8.10.2_MONOLITH.md CSR rules,v1.9.4-registry-draft,,,,,
SMK-CSR-004,GBL receptor,sapote_csr,cluster-situated regulator,TIER_2_CLASS_SUPPORTING,MODERATE,"[{""type"": ""regex"", ""value"": ""GBL receptor|ArpA|ScbR|gamma-butyrolactone receptor"", ""min_bitscore"": null, ""evalue"": null, ""required_context"": null, ""note"": null}]",tfbs_induction,Gamma-butyrolactone receptor/regulatory marker.,Supports quorum-coupled expression model.,Absence in source-derived scans is not a true null unless the required input scope was available.,"Use as triage evidence until confirmed by HMMER/BLAST, curated domain calls, LC-MS/MS, genetics, or fraction co-elution.",Sapote-Mamey v1.9.3 harmonized bundle; source_scans.py / SAPOTE_v8.10.2_MONOLITH.md.,docs/SAPOTE_v8.10.2_MONOLITH.md CSR rules,v1.9.4-registry-draft,,,,,
SMK-CSR-005,Pseudo-GBL receptor,sapote_csr,cluster-situated regulator,TIER_3_CONTEXT_TAILORING,LOW,"[{""type"": ""regex"", ""value"": ""pseudo-GBL|ScbR2|JadR2"", ""min_bitscore"": null, ""evalue"": null, ""required_context"": null, ""note"": null}]",tfbs_induction,Antibiotic-feedback/pseudo-GBL regulatory clue.,Context-only unless pathway feedback is shown.,Absence in source-derived scans is not a true null unless the required input scope was available.,"Use as triage evidence until confirmed by HMMER/BLAST, curated domain calls, LC-MS/MS, genetics, or fraction co-elution.",Sapote-Mamey v1.9.3 harmonized bundle; source_scans.py / SAPOTE_v8.10.2_MONOLITH.md.,docs/SAPOTE_v8.10.2_MONOLITH.md CSR rules,v1.9.4-registry-draft,,,,,
SMK-WATCH-001,Aryl-C-glycoside polyketide watchlist,sapote_watchlist,watchlist,TIER_3_CONTEXT_TAILORING,LOW,"[{""type"": ""regex"", ""value"": ""aryl-C-glycoside|C-glycoside polyketide"", ""min_bitscore"": null, ""evalue"": null, ""required_context"": null, ""note"": null}]",lcms_msms;hmm_blast_confirm,Watchlist marker retained for future validation.,Do not promote to strong claim without curated markers.,Absence in source-derived scans is not a true null unless the required input scope was available.,"Use as triage evidence until confirmed by HMMER/BLAST, curated domain calls, LC-MS/MS, genetics, or fraction co-elution.",Sapote-Mamey v1.9.3 harmonized bundle; source_scans.py / SAPOTE_v8.10.2_MONOLITH.md.,docs/SAPOTE_v8.10.2_MONOLITH.md watchlist,v1.9.4-registry-draft,,,,,
SMK-WATCH-002,Corallorazine watchlist,sapote_watchlist,watchlist,TIER_3_CONTEXT_TAILORING,LOW,"[{""type"": ""regex"", ""value"": ""corallorazine"", ""min_bitscore"": null, ""evalue"": null, ""required_context"": null, ""note"": null}]",lcms_msms;hmm_blast_confirm,Watchlist marker retained for future validation.,Do not promote without curated marker set.,Absence in source-derived scans is not a true null unless the required input scope was available.,"Use as triage evidence until confirmed by HMMER/BLAST, curated domain calls, LC-MS/MS, genetics, or fraction co-elution.",Sapote-Mamey v1.9.3 harmonized bundle; source_scans.py / SAPOTE_v8.10.2_MONOLITH.md.,docs/SAPOTE_v8.10.2_MONOLITH.md watchlist,v1.9.4-registry-draft,,,,,
SMK-WATCH-003,Azinomycin-type genotoxin watchlist,sapote_watchlist,watchlist,TIER_3_CONTEXT_TAILORING,LOW,"[{""type"": ""regex"", ""value"": ""azinomycin|aziridine|genotoxin"", ""min_bitscore"": null, ""evalue"": null, ""required_context"": null, ""note"": null}]",lcms_msms;hmm_blast_confirm;safety_cytotoxicity,Watchlist marker for azinomycin/genotoxin-like chemistry.,Safety-aware only; no strong claim without curated markers.,Absence in source-derived scans is not a true null unless the required input scope was available.,"Use as triage evidence until confirmed by HMMER/BLAST, curated domain calls, LC-MS/MS, genetics, or fraction co-elution.",Sapote-Mamey v1.9.3 harmonized bundle; source_scans.py / SAPOTE_v8.10.2_MONOLITH.md.,docs/SAPOTE_v8.10.2_MONOLITH.md watchlist,v1.9.4-registry-draft,,,,,
SMC-001,Peptidyl-nucleoside antifungal cassette,sapote_cassette,,TIER_1_DIAGNOSTIC,HIGH,"[{""type"": ""manual"", ""value"": ""NikJ/PolH-like marker plus nucleoside BGC context"", ""min_bitscore"": null, ""evalue"": null, ""required_context"": null, ""note"": null}]",antifungal_fractionation;lcms_msms;hmm_blast_confirm,Nikkomycin/polyoxin-like nucleoside logic cassette for Candida/antifungal prioritization.,Elevates Candida-forward leads and LC-MS/MS review for nucleoside-like features.,,Cassette calls are source-derived first-pass evidence unless confirmed by curated HMM/BLAST and BGC-context review.,Sapote-Mamey v1.9.3 harmonized bundle; source_scans.py / SAPOTE_v8.10.2_MONOLITH.md.,docs/SAPOTE_v8.10.2_MONOLITH.md; docs/SAPOTE_SLIM_JUDGMENT_KERNEL.md,v1.9.4-registry-draft,,peptidyl_nucleoside,SMK-NUC-001,SMK-RIPP-001,
SMC-002,Phosphonate/self-protection cassette,sapote_cassette,,TIER_1_DIAGNOSTIC,HIGH,"[{""type"": ""manual"", ""value"": ""PepM/Pep mutase plus optional FomA/FomB self-protection"", ""min_bitscore"": null, ""evalue"": null, ""required_context"": null, ""note"": null}]",antibacterial_fractionation;lcms_msms;hmm_blast_confirm,Phosphonate capacity with optional class-concordant self-protection.,Strong antibacterial/antimetabolite lead when PepM and self-protection are proximal.,,Cassette calls are source-derived first-pass evidence unless confirmed by curated HMM/BLAST and BGC-context review.,Sapote-Mamey v1.9.3 harmonized bundle; source_scans.py / SAPOTE_v8.10.2_MONOLITH.md.,docs/SAPOTE_v8.10.2_MONOLITH.md diagnostic markers; mamey/source_scans.py,v1.9.4-registry-draft,,phosphonate,SMK-PHO-001,MMK-RES-005,
SMC-003,Enediyne safety cassette,sapote_cassette,,TIER_1_DIAGNOSTIC,HIGH,"[{""type"": ""manual"", ""value"": ""ene_KS/enediyne cassette plus self-protection hallmark review"", ""min_bitscore"": null, ""evalue"": null, ""required_context"": null, ""note"": null}]",safety_cytotoxicity;lcms_msms;hmm_blast_confirm,Enediyne detection and safety-routing cassette.,Retains high lead priority while forcing cytotoxicity and self-protection review.,,Cassette calls are source-derived first-pass evidence unless confirmed by curated HMM/BLAST and BGC-context review.,Sapote-Mamey v1.9.3 harmonized bundle; source_scans.py / SAPOTE_v8.10.2_MONOLITH.md.,docs/SAPOTE_v8.10.2_MONOLITH.md diagnostic markers,v1.9.4-registry-draft,,enediyne,SMK-ENE-001,,
SMC-004,Aminocyclitol/aminoglycoside cassette,sapote_cassette,,TIER_1_DIAGNOSTIC,HIGH,"[{""type"": ""manual"", ""value"": ""DOIS/BtrC marker with aminoglycoside/aminocyclitol context"", ""min_bitscore"": null, ""evalue"": null, ""required_context"": null, ""note"": null}]",antibacterial_fractionation;lcms_msms;hmm_blast_confirm,Aminocyclitol/aminoglycoside-class biosynthetic cassette.,Routes to antibacterial prioritization and aminoglycoside-like metabolomics.,,Cassette calls are source-derived first-pass evidence unless confirmed by curated HMM/BLAST and BGC-context review.,Sapote-Mamey v1.9.3 harmonized bundle; source_scans.py / SAPOTE_v8.10.2_MONOLITH.md.,docs/SAPOTE_v8.10.2_MONOLITH.md diagnostic markers,v1.9.4-registry-draft,,aminocyclitol,SMK-AMC-001,MMK-RES-004,
SMC-005,RiPP production-capacity cassette,sapote_cassette,,TIER_1_DIAGNOSTIC,HIGH,"[{""type"": ""manual"", ""value"": ""credible RiPP precursor plus class-relevant maturation enzyme"", ""min_bitscore"": null, ""evalue"": null, ""required_context"": null, ""note"": null}]",lcms_msms;hmm_blast_confirm;antibacterial_fractionation,Composite RiPP cassette requiring precursor and maturation logic.,Permits stronger RiPP production-capacity language than maturation or precursor evidence alone.,,Cassette calls are source-derived first-pass evidence unless confirmed by curated HMM/BLAST and BGC-context review.,Sapote-Mamey v1.9.3 harmonized bundle; source_scans.py / SAPOTE_v8.10.2_MONOLITH.md.,docs/SAPOTE_v8.10.2_MONOLITH.md UMED / RiPP rules,v1.9.4-registry-draft,,RiPP,SMK-RIPP-001,SMK-UMED-001;SMK-UMED-002;SMK-UMED-003;SMK-UMED-004,
SMC-006,Flavin-halogenation cassette,sapote_cassette,,TIER_2_CLASS_SUPPORTING,MODERATE,"[{""type"": ""manual"", ""value"": ""flavin/FAD-dependent halogenase in BGC context"", ""min_bitscore"": null, ""evalue"": null, ""required_context"": null, ""note"": null}]",lcms_msms;hmm_blast_confirm,Halogenation cassette for halogenated natural-product potential.,"Raises priority for isotope-pattern and MS/MS review, but requires substrate and subclass confirmation.",,Cassette calls are source-derived first-pass evidence unless confirmed by curated HMM/BLAST and BGC-context review.,Sapote-Mamey v1.9.3 harmonized bundle; source_scans.py / SAPOTE_v8.10.2_MONOLITH.md.,docs/SAPOTE_v8.10.2_MONOLITH.md marker addenda,v1.9.4-registry-draft,,halogenation,SMK-HAL-001,SMK-XHAL-001,
SMC-007,XDA/SN2 organohalogen cassette,sapote_cassette,,TIER_1_DIAGNOSTIC,HIGH,"[{""type"": ""manual"", ""value"": ""SalL/FlA-like SAM-dependent halogenase plus adjacent PNP"", ""min_bitscore"": null, ""evalue"": null, ""required_context"": null, ""note"": null}]",lcms_msms;hmm_blast_confirm,Organohalogen building-block cassette for XDA/SN2-like chemistry.,High novelty cue when the enzyme pair and neighborhood context are confirmed.,,Cassette calls are source-derived first-pass evidence unless confirmed by curated HMM/BLAST and BGC-context review.,Sapote-Mamey v1.9.3 harmonized bundle; source_scans.py / SAPOTE_v8.10.2_MONOLITH.md.,docs/SAPOTE_v8.10.2_MONOLITH.md marker addenda,v1.9.4-registry-draft,,organohalogen,SMK-XHAL-001,,
SMC-008,N-N bond/diazo cassette,sapote_cassette,,TIER_1_DIAGNOSTIC,HIGH,"[{""type"": ""manual"", ""value"": ""CreE plus CreD-like N-N/diazo biosynthetic pair"", ""min_bitscore"": null, ""evalue"": null, ""required_context"": null, ""note"": null}]",lcms_msms;hmm_blast_confirm;safety_cytotoxicity,N-N bond/diazo/azoxy cassette.,High novelty and safety-aware lead cue when CreE/CreD-like pair is present.,,Cassette calls are source-derived first-pass evidence unless confirmed by curated HMM/BLAST and BGC-context review.,Sapote-Mamey v1.9.3 harmonized bundle; source_scans.py / SAPOTE_v8.10.2_MONOLITH.md.,docs/SAPOTE_v8.10.2_MONOLITH.md marker addenda,v1.9.4-registry-draft,,N-N_diazo,SMK-NN-001,,
SMC-009,Tetronate/spirotetronate cassette,sapote_cassette,,TIER_1_DIAGNOSTIC,HIGH,"[{""type"": ""manual"", ""value"": ""FkbH-like glyceryl transferase plus dedicated ACP"", ""min_bitscore"": null, ""evalue"": null, ""required_context"": null, ""note"": null}]",lcms_msms;hmm_blast_confirm,Tetronate/spirotetronate building-block cassette.,Strong polyketide-tailoring cue when paired with pathway context.,,Cassette calls are source-derived first-pass evidence unless confirmed by curated HMM/BLAST and BGC-context review.,Sapote-Mamey v1.9.3 harmonized bundle; source_scans.py / SAPOTE_v8.10.2_MONOLITH.md.,docs/SAPOTE_v8.10.2_MONOLITH.md marker addenda,v1.9.4-registry-draft,,tetronate_spirotetronate,SMK-TET-001,,
SMC-010,Nitrile-installation cassette,sapote_cassette,,TIER_1_DIAGNOSTIC,HIGH,"[{""type"": ""manual"", ""value"": ""ArtA ASS-like nitrile synthetase with optional CalN context"", ""min_bitscore"": null, ""evalue"": null, ""required_context"": null, ""note"": null}]",lcms_msms;hmm_blast_confirm,Nitrile-installation cassette.,High-value tailoring cue when ArtA-like evidence is confirmed.,,Cassette calls are source-derived first-pass evidence unless confirmed by curated HMM/BLAST and BGC-context review.,Sapote-Mamey v1.9.3 harmonized bundle; source_scans.py / SAPOTE_v8.10.2_MONOLITH.md.,docs/SAPOTE_v8.10.2_MONOLITH.md marker addenda,v1.9.4-registry-draft,,nitrile,SMK-NIT-001,SMK-NIT-002,
SMC-011,Oxidative biaryl/dimerization cassette,sapote_cassette,,TIER_3_CONTEXT_TAILORING,LOW,"[{""type"": ""manual"", ""value"": ""BBE-like or NmrA-family oxidoreductase with scaffold-compatible context"", ""min_bitscore"": null, ""evalue"": null, ""required_context"": null, ""note"": null}]",lcms_msms;hmm_blast_confirm,Oxidative tailoring/dimerization context cassette.,Suggests complex oxidative tailoring but should not drive compound-class claims alone.,,Cassette calls are source-derived first-pass evidence unless confirmed by curated HMM/BLAST and BGC-context review.,Sapote-Mamey v1.9.3 harmonized bundle; source_scans.py / SAPOTE_v8.10.2_MONOLITH.md.,docs/SAPOTE_v8.10.2_MONOLITH.md marker addenda,v1.9.4-registry-draft,,oxidative_tailoring,,SMK-BBE-001;SMK-BIARYL-001,
SMC-012,Lasso peptide constellation cassette,sapote_cassette,,TIER_1_DIAGNOSTIC,HIGH,"[{""type"": ""manual"", ""value"": ""lasso cyclase + protease + RRE/precursor constellation"", ""min_bitscore"": null, ""evalue"": null, ""required_context"": null, ""note"": null}]",lcms_msms;hmm_blast_confirm,Composite lasso-peptide production cassette.,High-confidence lasso-RiPP cue when the constellation is intact.,,Cassette calls are source-derived first-pass evidence unless confirmed by curated HMM/BLAST and BGC-context review.,Sapote-Mamey v1.9.3 harmonized bundle; source_scans.py / SAPOTE_v8.10.2_MONOLITH.md.,docs/SAPOTE_v8.10.2_MONOLITH.md marker addenda,v1.9.4-registry-draft,,lasso_peptide,SMK-LASSO-001,,
SMC-013,Thioamitide/thioamide cassette,sapote_cassette,,TIER_1_DIAGNOSTIC,HIGH,"[{""type"": ""manual"", ""value"": ""YcaO plus TfuA pair in RiPP/peptide context"", ""min_bitscore"": null, ""evalue"": null, ""required_context"": null, ""note"": null}]",lcms_msms;hmm_blast_confirm,Thioamidated peptide/thioamitide cassette.,High novelty rare-peptide cue; particularly important in MRSA-forward peptide leads.,,Cassette calls are source-derived first-pass evidence unless confirmed by curated HMM/BLAST and BGC-context review.,Sapote-Mamey v1.9.3 harmonized bundle; source_scans.py / SAPOTE_v8.10.2_MONOLITH.md.,docs/SAPOTE_v8.10.2_MONOLITH.md marker addenda,v1.9.4-registry-draft,,thioamide,SMK-THA-001,,
SMC-014,Lanthipeptide maturation cassette,sapote_cassette,,TIER_2_CLASS_SUPPORTING,MODERATE,"[{""type"": ""manual"", ""value"": ""lanthipeptide precursor/maturase/protease or trans-acting maturase model"", ""min_bitscore"": null, ""evalue"": null, ""required_context"": null, ""note"": null}]",lcms_msms;hmm_blast_confirm;antibacterial_fractionation,Lanthipeptide maturation cassette with UMED-aware claim ceilings.,Supports lanthipeptide follow-up while preserving maturation-gap caveats.,,Cassette calls are source-derived first-pass evidence unless confirmed by curated HMM/BLAST and BGC-context review.,Sapote-Mamey v1.9.3 harmonized bundle; source_scans.py / SAPOTE_v8.10.2_MONOLITH.md.,docs/SAPOTE_v8.10.2_MONOLITH.md UMED,v1.9.4-registry-draft,,lanthipeptide,,SMK-UMED-001;SMK-UMED-002;SMK-UMED-004,
SMC-015,Cluster-situated regulator cassette,sapote_cassette,,TIER_2_CLASS_SUPPORTING,MODERATE,"[{""type"": ""manual"", ""value"": ""CSR family member within or adjacent to BGC"", ""min_bitscore"": null, ""evalue"": null, ""required_context"": null, ""note"": null}]",tfbs_induction,Pathway-regulatory cassette for activation planning.,Routes candidate to regulator-aware fermentation/induction planning.,,Cassette calls are source-derived first-pass evidence unless confirmed by curated HMM/BLAST and BGC-context review.,Sapote-Mamey v1.9.3 harmonized bundle; source_scans.py / SAPOTE_v8.10.2_MONOLITH.md.,docs/SAPOTE_v8.10.2_MONOLITH.md CSR rules,v1.9.4-registry-draft,,regulatory,,SMK-CSR-001;SMK-CSR-002;SMK-CSR-003;SMK-CSR-004;SMK-CSR-005,
SMC-016,Self-protection concordance cassette,sapote_cassette,,TIER_2_CLASS_SUPPORTING,MODERATE,"[{""type"": ""manual"", ""value"": ""class-concordant target duplication/resistance within proximity rule; HGT guard passed"", ""min_bitscore"": null, ""evalue"": null, ""required_context"": null, ""note"": null}]",hmm_blast_confirm;genetic_validation,Class-concordant self-protection cassette.,Can raise lead priority and claim confidence only when proximity and HGT guard criteria pass.,,Cassette calls are source-derived first-pass evidence unless confirmed by curated HMM/BLAST and BGC-context review.,Sapote-Mamey v1.9.3 harmonized bundle; source_scans.py / SAPOTE_v8.10.2_MONOLITH.md.,docs/SAPOTE_v8.10.2_MONOLITH.md resistance/self-protection rules,v1.9.4-registry-draft,,self_protection,,SMK-RES-001;SMK-TRN-001,
SMC-017,Watchlist aryl-C-glycoside cassette,sapote_watchlist_cassette,,TIER_3_CONTEXT_TAILORING,LOW,"[{""type"": ""manual"", ""value"": ""aryl-C-glycoside polyketide watchlist context"", ""min_bitscore"": null, ""evalue"": null, ""required_context"": null, ""note"": null}]",lcms_msms;hmm_blast_confirm,Watchlist cassette retained for future marker development.,Inventory as a candidate only; no strong claims.,,Cassette calls are source-derived first-pass evidence unless confirmed by curated HMM/BLAST and BGC-context review.,Sapote-Mamey v1.9.3 harmonized bundle; source_scans.py / SAPOTE_v8.10.2_MONOLITH.md.,docs/SAPOTE_v8.10.2_MONOLITH.md watchlist,v1.9.4-registry-draft,,watchlist,,SMK-WATCH-001,
SMC-018,Watchlist corallorazine cassette,sapote_watchlist_cassette,,TIER_3_CONTEXT_TAILORING,LOW,"[{""type"": ""manual"", ""value"": ""corallorazine-like watchlist context"", ""min_bitscore"": null, ""evalue"": null, ""required_context"": null, ""note"": null}]",lcms_msms;hmm_blast_confirm,Watchlist cassette retained for future marker development.,Inventory as a candidate only; no strong claims.,,Cassette calls are source-derived first-pass evidence unless confirmed by curated HMM/BLAST and BGC-context review.,Sapote-Mamey v1.9.3 harmonized bundle; source_scans.py / SAPOTE_v8.10.2_MONOLITH.md.,docs/SAPOTE_v8.10.2_MONOLITH.md watchlist,v1.9.4-registry-draft,,watchlist,,SMK-WATCH-002,
SMC-019,Watchlist azinomycin/genotoxin cassette,sapote_watchlist_cassette,,TIER_3_CONTEXT_TAILORING,LOW,"[{""type"": ""manual"", ""value"": ""azinomycin/genotoxin-like watchlist context"", ""min_bitscore"": null, ""evalue"": null, ""required_context"": null, ""note"": null}]",lcms_msms;hmm_blast_confirm;safety_cytotoxicity,Safety-aware watchlist cassette retained for future marker development.,Inventory and safety flag only; no strong claims.,,Cassette calls are source-derived first-pass evidence unless confirmed by curated HMM/BLAST and BGC-context review.,Sapote-Mamey v1.9.3 harmonized bundle; source_scans.py / SAPOTE_v8.10.2_MONOLITH.md.,docs/SAPOTE_v8.10.2_MONOLITH.md watchlist,v1.9.4-registry-draft,,watchlist,,SMK-WATCH-003,
